ΑΡΑΚΑΣ ΚΑΤΕΨΥΓΜΕΝΟΣ 450 GR|Ο Μπάρμπα Στάθης, σύμμαχος της Ελληνίδας νοικοκυράς για περισσότερα από 40 χρόνια, είναι δίπλα της στον αγώνα για τη θρέψη της οικογένειας, με λαχανικά που συλλέγονται την ιδανική στιγμή της ωρίμανσής τους και καταψύχονται άμεσα, σφραγίζοντας όλη τη φρεσκάδα, τις βιταμίνες και τη γεύση τους, τόσο φρέσκα όσο τη στιγμή που κόπηκαν. Ο αρακάς έχει υψηλή περιεκτικότητα σε βιταμίνη A και C.|https://www.ab.gr/medias/sys_master/hd2/h44/8828882583582.jpg|4
ΑΡΑΚΑΣ ΒΙΟΛΟΓΙΚΟΣ ΚΑΤΕΨΥΓΜΕΝΟΣ 450 GR|Ο Μπάρμπα Στάθης επιλέγει και μας προσφέρει τα πιο νόστιμα και τρυφερά λαχανικά βιολογικής γεωργίας, ακολουθώντας παραδοσιακούς τρόπους καλλιέργειας, προσαρμοσμένους όμως στις σύγχρονες απαιτήσεις ποιότητας και ασφάλειας. Ο αρακάς έχει υψηλή περιεκτικότητα σε βιταμίνη A και C.|https://www.ab.gr/medias/sys_master/h77/h47/8828904767518.jpg|4
ΚΡΕΜΜΥΔΙ ΚΑΤΕΨΥΓΜΕΝΟ 250 GR|Ο Μπάρμπα Στάθης, σύμμαχος της Ελληνίδας νοικοκυράς για περισσότερα από 40 χρόνια, είναι δίπλα της στον αγώνα για τη θρέψη της οικογένειας, με λαχανικά που συλλέγονται την ιδανική στιγμή της ωρίμανσής τους και καταψύχονται άμεσα, σφραγίζοντας όλη τη φρεσκάδα, τις βιταμίνες και τη γεύση τους, τόσο φρέσκα όσο τη στιγμή που κόπηκαν.|https://www.ab.gr/medias/sys_master/h6b/h4a/8828929540126.jpg|4
ΣΠΑΝΑΚΙ ΦΥΛΛΑ ΜΕΡΙΔΕΣ ΚΑΤΕΨΥΓΜΕΝO 1 KGR|Ο Μπάρμπα Στάθης, σύμμαχος της Ελληνίδας νοικοκυράς για περισσότερα από 40 χρόνια, είναι δίπλα της στον αγώνα για τη θρέψη της οικογένειας, με λαχανικά που συλλέγονται την ιδανική στιγμή της ωρίμανσής τους και καταψύχονται άμεσα, σφραγίζοντας όλη τη φρεσκάδα, τις βιταμίνες και τη γεύση τους, τόσο φρέσκα όσο τη στιγμή που κόπηκαν. Το σπανάκι έχει υψηλή περιεκτικότητα σε βιταμίνη Α και C και είναι πηγή σιδήρου.|https://www.ab.gr/medias/sys_master/h1c/h46/8828893397022.jpg|4
ΦΑΣΟΛΑΚΙΑ ΠΛΑΤΙΑ ΚΑΤΕΨΥΓΜΕΝΑ 450 GR|Ο Μπάρμπα Στάθης, σύμμαχος της Ελληνίδας νοικοκυράς για περισσότερα από 40 χρόνια, είναι δίπλα της στον αγώνα για τη θρέψη της οικογένειας, με λαχανικά που συλλέγονται την ιδανική στιγμή της ωρίμανσής τους και καταψύχονται άμεσα, σφραγίζοντας όλη τη φρεσκάδα, τις βιταμίνες και τη γεύση τους, τόσο φρέσκα όσο τη στιγμή που κόπηκαν. Τα φασολάκια πλατιά έχουν υψηλή περιεκτικότητα σε πρωτεΐνες και είναι πηγή βιταμίνης C.|https://www.ab.gr/medias/sys_master/h72/h90/8855717150750.jpg|4
ΤΡΙΓΩΝΑ ΣΠΙΤΙΚΑ ΦΕΤΑ ΚΑΙ ΚΑΤΙΚΙ ΔΟΜΟΚΟΥ ΚΑΤΕΨΥΓΜΕΝΑ 750 GR|Αυθεντικά τρίγωνα πιτάκια, ζυμωμένα με εξαιρετικό παρθένο ελαιόλαδο, πάντα τραγανά με ζεστό χρυσορόδινο χρώμα και υπέροχη γεύση!|https://www.ab.gr/medias/sys_master/h37/h6f/8834732752926.jpg|4
ΑΡΑΚΑΣ ΓΙΑΝΝΙΤΣΩΝ ΚΑΤΕΨΥΓΜΕΝΟΣ 1 KGR|Αρακάς από την εύφορη γη των Γιαννιτσών, ένα βασικό συστατικό της Μεσογειακής διατροφής. Καλλιεργείται και συγκομίζεται με ξεχωριστή φροντίδα, επιλέγεται προσεκτικά και καταψύχεται αμέσως για να μπορείτε να τον απολαμβάνετε όλο το χρόνο. Η ΆλφαΒήτα κοντά στην ελληνική γη.|https://www.ab.gr/medias/sys_master/h78/h1a/8834797043742.jpg|4
ΓΑΡΙΔΑ ΑΠΟΦΛΟΙΩΜΕΝΗ ΩΜΗ ΚΑΤΕΨΥΓΜΕΝH ΤΥΠΟΠΟΙΗΜΕΝH ΕΛΛΗΝΙΚΗ 500 GR|Είναι πλούσιες σε πρωτεΐνες υψηλής ποιότητας, σελήνιο, βιταμίνες Β12, Β3 (νιακίνη), D και A, ωμέγα 3 λιπαρά οξέα, σίδηρο, ψευδάργυρο και χαλκό. Από ελληνικές θάλασσες.|https://www.ab.gr/medias/sys_master/h52/h67/8930562998302.jpg|4
ΦΑΣΟΛΑΚΙΑ ΣΤΡOΓΓΥΛΑ ΚΑΤΕΨΥΓΜΕΝΑ 450 GR|Ο Μπάρμπα Στάθης, σύμμαχος της Ελληνίδας νοικοκυράς για περισσότερα από 40 χρόνια, είναι δίπλα της στον αγώνα για τη θρέψη της οικογένειας, με λαχανικά που συλλέγονται την ιδανική στιγμή της ωρίμανσής τους και καταψύχονται άμεσα, σφραγίζοντας όλη τη φρεσκάδα, τις βιταμίνες και τη γεύση τους, τόσο φρέσκα όσο τη στιγμή που κόπηκαν. Τα φασολάκια στρογγυλά έχουν υψηλή περιεκτικότητα σε πρωτεΐνες και είναι πηγή βιταμίνης C.|https://www.ab.gr/medias/sys_master/h76/h46/8828896346142.jpg|4
ΦΑΣΟΛΑΚΙΑ ΣΤΡΟΓΓΥΛΑ ΒΙΟΛΟΓΙΚΑ ΚΑΤΕΨΥΓΜΕΝΑ 450 GR|Ο Μπάρμπα Στάθης επιλέγει και μας προσφέρει τα πιο νόστιμα και τρυφερά λαχανικά βιολογικής γεωργίας, ακολουθώντας παραδοσιακούς τρόπους καλλιέργειας, προσαρμοσμένους όμως στις σύγχρονες απαιτήσεις ποιότητας και ασφάλειας. Τα φασολάκια στρογγυλά έχουν υψηλή περιεκτικότητα σε πρωτεΐνες και είναι πηγή βιταμίνης C.|https://www.ab.gr/medias/sys_master/h82/h2a/8834806284318.jpg|4
ΣΠΑΝΑΚΙ ΦΥΛΛΟ ΠΕΛΛΑΣ ΚΑΤΕΨΥΓΜΕΝO 750 GR|Περιέχει πολλά θρεπτικά συστατικά όπως σίδηρο, φυλλικό οξύ και αντιοξειδωτικές βιταμίνες. Για να αυξήσετε την απορρόφηση του σιδήρου που περιέχει συνδυάστε το με μια πηγή βιταμίνης C (π.χ. πιπεριά, ντομάτα, λεμόνι, πορτοκάλι).|https://www.ab.gr/medias/sys_master/h52/h46/8828895166494.jpg|4
ΗΜΙΕΤΟΙΜΟ ΦΑΓΗΤΟ ΚΑΤΕΨΥΓΜΕΝΟ ΦΑΣΟΛΑΚΙΑ ΣΤΡΟΓΓΥΛΑ ΛΑΔΕΡΑ 1 KGR|Ας απολαύσουμε όλη τη φρεσκάδα των λαχανικών Μπάρμπα Στάθη και …κάτι περισσότερο: Αγαπημένους συνδυασμούς λαχανικών! Κάθε σακουλάκι Ας Μαγειρέψουμε κλείνει μέσα του όλα τα λαχανικά που χρειαζόμαστε, στις σωστές αναλογίες, για να φτιάξουμε ελληνικές, παραδοσιακές συνταγές. Τα φασολάκια λαδερά είναι ένας συνδυασμός λαχανικών υψηλής περιεκτικότητας σε βιταμίνη Α.|https://www.ab.gr/medias/sys_master/h70/hd5/8830095720478.jpg|4
ΚΡΟΚΕΤΕΣ ΨΑΡΙΩΝ ΚΑΤΕΨΥΓΜΕΝΕΣ 300 GR|Οι ψαροκροκέτες είναι φυσική πηγή σεληνίου. Το σελήνιο είναι ένα ιχνοστοιχείο που βρίσκεται εκ φύσεως στα ψάρια και συνεισφέρει στη φυσιολογική λειτουργία του ανοσοποιητικού συστήματος.|https://www.ab.gr/medias/sys_master/h56/hc8/8829985816606.jpg|4
ΓΛΩΣΣΑ ΦΙΛΕΤΟ ΚΑΤΕΨΥΓΜΕΝΗ ΣΥΣΚΕΥΑΣΜΕΝΗ 1 KGR|Γλώσσα φιλέτο χωρίς δέρμα, βαθειάς κατάψυξης. Ιδανική για φούρνο, κατάλληλη για τηγάνι (FAO 67).|https://www.ab.gr/medias/sys_master/h59/h9b/8917301919774.jpg|4
ΑΡΑΚΑΣ EXTRA ΦΙΝΟΣ ΚΑΤΕΨΥΓΜΕΝΟΣ 400 GR|Ο Μπάρμπα Στάθης, σύμμαχος της Ελληνίδας νοικοκυράς για περισσότερα από 40 χρόνια, είναι δίπλα της στον αγώνα για τη θρέψη της οικογένειας, με λαχανικά που συλλέγονται την ιδανική στιγμή της ωρίμανσής τους και καταψύχονται άμεσα, σφραγίζοντας όλη τη φρεσκάδα, τις βιταμίνες και τη γεύση τους, τόσο φρέσκα όσο τη στιγμή που κόπηκαν. Πολύ λεπτός και τρυφερός αρακάς. Ο αρακάς έχει υψηλή περιεκτικότητα σε βιταμίνη A και C.|https://www.ab.gr/medias/sys_master/h2f/h47/8828902408222.jpg|4
ΓΑΡΙΔΕΣ 20/40 ΑΠΟΦΛ. ΚΑΙ ΠΡΟΒΡΑΣΜ. ΚΑΤΕΨ. ΤΥΠΟΠ. ΙΝΔΙΑΣ 500 GR|Γαρίδες αποφλοιωμένες και προβρασμένες (χωρίς ουρά) ιχθυοκαλλιέργειας Ινδίας, βαθειάς κατάψυξης, μέγεθος 20-40.|https://www.ab.gr/medias/sys_master/h1a/h26/8930568437790.jpg|4
ΚΟΤΟΜΠΟΥΚΙΕΣ ΚΟΤΟΜΠΟΥΚΙΕΣ 400 GR|Χωρίς συντηρητικά. Με εξαιρετικό παρθένο ελαιόλαδο.|https://www.ab.gr/medias/sys_master/haf/h1b/8835997794334.jpg|4
ΗΜΙΕΤΟΙΜΟ ΦΑΓΗΤΟ ΚΑΤΕΨΥΓΜΕΝΟ ΣΠΑΝΑΚΟΡΥΖΟ 1 KGR|Ας απολαύσουμε όλη τη φρεσκάδα των λαχανικών Μπάρμπα Στάθη και …κάτι περισσότερο: Αγαπημένους συνδυασμούς λαχανικών! Κάθε σακουλάκι Ας Μαγειρέψουμε κλείνει μέσα του όλα τα λαχανικά που χρειαζόμαστε, στις σωστές αναλογίες, για να φτιάξουμε ελληνικές, παραδοσιακές συνταγές. Το σπανακόρυζο είναι ένας συνδυασμός λαχανικών υψηλής περιεκτικότητας σε βιταμίνες A & C.|https://www.ab.gr/medias/sys_master/h12/hd6/8830101028894.jpg|4
ΚΑΛΑΜΠΟΚΙ ΚΑΤΕΨΥΓΜΕΝΟ 450 GR|Ο Μπάρμπα Στάθης, σύμμαχος της Ελληνίδας νοικοκυράς για περισσότερα από 40 χρόνια, είναι δίπλα της στον αγώνα για τη θρέψη της οικογένειας, με λαχανικά που συλλέγονται την ιδανική στιγμή της ωρίμανσής τους και καταψύχονται άμεσα, σφραγίζοντας όλη τη φρεσκάδα, τις βιταμίνες και τη γεύση τους, τόσο φρέσκα όσο τη στιγμή που κόπηκαν. Το καλαμπόκι είναι πηγή φολικού οξέως και πρωτεϊνών.|https://www.ab.gr/medias/sys_master/h7e/h4c/8828946939934.jpg|4
ΣΠΑΝΑΚΙ ΦΥΛΛΑ ΒΙΟΛOΓΙΚΟ ΚΑΤΕΨΥΓΜΕΝΟ 450 GR|Ο Μπάρμπα Στάθης επιλέγει και μας προσφέρει τα πιο νόστιμα και τρυφερά λαχανικά βιολογικής γεωργίας, ακολουθώντας παραδοσιακούς τρόπους καλλιέργειας, προσαρμοσμένους όμως στις σύγχρονες απαιτήσεις ποιότητας και ασφάλειας. Το σπανάκι έχει υψηλή περιεκτικότητα σε βιταμίνη Α και C και είναι πηγή σιδήρου.|https://www.ab.gr/medias/sys_master/h1d/hc8/8834693627934.jpg|4
ΜΑΝΙΤΑΡΙΑ ΦΕΤΕΣ ΚΑΤΕΨΥΓΜΕΝΑ 450 GR|Ο Μπάρμπα Στάθης, σύμμαχος της Ελληνίδας νοικοκυράς για περισσότερα από 40 χρόνια, είναι δίπλα της στον αγώνα για τη θρέψη της οικογένειας, με λαχανικά που συλλέγονται την ιδανική στιγμή της ωρίμανσής τους και καταψύχονται άμεσα, σφραγίζοντας όλη τη φρεσκάδα, τις βιταμίνες και τη γεύση τους, τόσο φρέσκα όσο τη στιγμή που κόπηκαν. Τα μανιτάρια έχουν υψηλή περιεκτικότητα σε πρωτεΐνες.|https://www.ab.gr/medias/sys_master/h6c/h65/8855714791454.jpg|4
ΦΑΣΟΛΑΚΙΑ ΠΛΑΤΙΑ ΑΛΕΞΑΝΔΡΕΙΑ ΗΜΑΘΙΑΣ 1 KGR|Βραστερά πλατιά φασολάκια, από την εύφορη γη της Αλεξάνδρειας Ημαθείας, ένα βασικό συστατικό της Μεσογειακής διατροφής. Καλλιεργούνται και συγκομίζονται με ξεχωριστή φροντίδα, επιλέγονται προσεκτικά και καταψύχονται αμέσως για να μπορείτε να τα απολαμβάνετε όλο το χρόνο. Η ΆλφαΒήτα κοντά στην ελληνική γη.|https://www.ab.gr/medias/sys_master/h75/h48/8828913090590.jpg|4
ΣΑΛΑΤΑ ΕΠΟΧΗΣ ΚΑΤΕΨΥΓΜΕΝΗ 750 GR|Ο Μπάρμπα Στάθης ετοίμασε για εσάς μοναδικούς συνδυασμούς λαχανικών για το καθημερινό σας γεύμα. Χρησιμοποιείστε τα σαν γαρνιτούρες σε κρέας ή ψάρι, σαν σαλάτα με το κυρίως γεύμα ή ακόμη σαν το κύριο γεύμα σας! Η σαλάτα εποχής έχει υψηλή περιεκτικότητα σε βιταμίνη Α, βιταμίνη C και φολικό οξύ.|https://www.ab.gr/medias/sys_master/h36/h5c/8829078798366.jpg|4
ΗΜΙΕΤΟΙΜΟ ΦΑΓΗΤΟ ΚΑΤΕΨΥΓΜΕΝΟ ΑΡΑΚΑΣ ΛΑΔΕΡΟΣ 1 KGR|Ας απολαύσουμε όλη τη φρεσκάδα των λαχανικών Μπάρμπα Στάθη και …κάτι περισσότερο: Αγαπημένους συνδυασμούς λαχανικών! Κάθε σακουλάκι Ας Μαγειρέψουμε κλείνει μέσα του όλα τα λαχανικά που χρειαζόμαστε, στις σωστές αναλογίες, για να φτιάξουμε ελληνικές, παραδοσιακές συνταγές. Ο αρακάς λαδερός είναι ένας συνδυασμός λαχανικών υψηλής περιεκτικότητας σε βιταμίνη Α.|https://www.ab.gr/medias/sys_master/h8b/h7f/8814342799390.jpg|4
ΗΜΙΕΤΟΙΜΟ ΦΑΓΗΤΟ ΚΑΤΕΨΥΓΜΕΝΟ ΣΠΑΝΑΚΟΡΥΖΟ 1 KGR|Σπανάκι με ρύζι. Συνταγές με λαχανικά. Έτοιμο για μαγείρεμα.|https://www.ab.gr/medias/sys_master/hd7/hf7/8834435940382.jpg|4
ΜΠΡΟΚΟΛΟ ΚΑΤΕΨΥΓΜΕΝΟ 750 GR|Ο Μπάρμπα Στάθης, σύμμαχος της Ελληνίδας νοικοκυράς για περισσότερα από 40 χρόνια, είναι δίπλα της στον αγώνα για τη θρέψη της οικογένειας, με λαχανικά που συλλέγονται την ιδανική στιγμή της ωρίμανσής τους και καταψύχονται άμεσα, σφραγίζοντας όλη τη φρεσκάδα, τις βιταμίνες και τη γεύση τους, τόσο φρέσκα όσο τη στιγμή που κόπηκαν. Το μπρόκολο έχει υψηλή περιεκτικότητα σε βιταμίνη C και φολικό οξύ.|https://www.ab.gr/medias/sys_master/ha2/h4a/8828931342366.jpg|4
ΦΑΣΟΛΑΚΙΑ ΧΑΝΔΡΕΣ ΚΑΤΕΨΥΓΜΕΝΑ 450 GR|Ο Μπάρμπα Στάθης, σύμμαχος της Ελληνίδας νοικοκυράς για περισσότερα από 40 χρόνια, είναι δίπλα της στον αγώνα για τη θρέψη της οικογένειας, με λαχανικά που συλλέγονται την ιδανική στιγμή της ωρίμανσής τους και καταψύχονται άμεσα, σφραγίζοντας όλη τη φρεσκάδα, τις βιταμίνες και τη γεύση τους, τόσο φρέσκα όσο τη στιγμή που κόπηκαν. Τα φασόλια χάντρες έχουν υψηλή περιεκτικότητα σε φυτικές ίνες, μαγνήσιο και σίδηρο.|https://www.ab.gr/medias/sys_master/h05/h49/8828917809182.jpg|4
SURIMI ΨΥΧΑ ΚΑΒΟΥΡΙΟΥ ΚΑΤΕΨΥΓΜΕΝΟ 250 GR|Σουρίμι μπαστουνάκια. Αρωματισμένο ιχθυοπαρασκεύασμα. Ιδανικό προϊόν για σαλάτες. Χαμηλή περιεκτικότητα σε κορεσμένα λιπαρά. Πηγή πρωτεϊνών.|https://www.ab.gr/medias/sys_master/h56/h5b/8838397460510.jpg|4
ΒΑΚΑΛΑΟΣ ΦΙΛΕΤΟ ΚΑΤΕΨΥΓΜΕΝΟΣ ΣΥΣΚΕΥΑΣΜΕΝΟΣ 1.000 GR ΠΕΡΙΠΟΥ|Βακαλάος φιλέτο σε δίχτυ κατεψυγμένος (FAO 67).|https://www.ab.gr/medias/sys_master/h3e/hbf/8829909532702.jpg|4
ΑΡΑΚΑΣ ΚΑΤΕΨΥΓΜΕΝΟΣ 1 KGR|Αρακάς κατεψυγμένος. Τα ΑΛΦΑ Βητα επέλεξαν για εσάς μια σειρά από λαχανικά τα 365. Επειδή τα προϊόντα είναι βαθείας κατάψυξης διατηρούν αναλλοίωτη την γεύση τους μέχρι τη στιγμή που θα τα δοκιμάσετε. Συλλέγονται, καθαρίζονται και καταψύχωνται αμέσως, σε υποερσύγχρονες εγκαταστάσεις πολύ υψηλών προδιαγραφών για να φτάσουν σ'εσάς σε άριστη κατάσταση. Δοκιμάστε τα.|https://www.ab.gr/medias/sys_master/hed/hf5/8855734124574.jpg|4
ΜΑΪΝΤΑΝΟΣ ΚΑΤΕΨΥΓΜΕΝOΣ 50 GR|Μαϊντανός κατεψυγμένος. Πλένεται, κόβεται και καταψύχεται λίγη ώρα μετά τη συγκομιδή του.|https://www.ab.gr/medias/sys_master/hcb/hd2/8855715381278.jpg|4
ΣΟΛΩΜΟΣ ΦΙΛΕΤΟ ΚΑΤΕΨΥΓΜΕΝΟΣ ΣΥΣΚΕΥΑΣΜΕΝΟΣ 250 GR|Σωλομός σε φέτα από την 365.|https://www.ab.gr/medias/sys_master/h45/h7d/8834733932574.jpg|4
ΚΑΛΑΜΑΡΙΑ ΚΑΤΕΨΥΓΜΕΝΑ ΚΑΘΑΡΙΣΜΕΝΑ 850 GR|AB  ΚΑΛΑΜΑΡΑΚΙ ΚΟΜΜΕΝΟ ΚΑΙ ΚΑΘΑΡΙΣΜΕΝΟ FAO 51,FAO 57,FAO 61|https://www.ab.gr/medias/sys_master/he8/h3f/8936739831838.jpg|4
ΑΡΑΚΑΣ ΚΑΤΕΨΥΓΜΕΝΟΣ 1 KGR|Αρακάς ψιλός. Από τη φύση στην κατάψυξη.|https://www.ab.gr/medias/sys_master/h5b/h2f/8855737663518.jpg|4
ΦΑΣΟΛΑΚΙΑ ΠΛΑΤΙΑ ΒΙΟΛΟΓΙΚΑ ΚΑΤΕΨΥΓΜΕΝΑ 450 GR|Ο Μπάρμπα Στάθης επιλέγει και μας προσφέρει τα πιο νόστιμα και τρυφερά λαχανικά βιολογικής γεωργίας, ακολουθώντας παραδοσιακούς τρόπους καλλιέργειας, προσαρμοσμένους όμως στις σύγχρονες απαιτήσεις ποιότητας και ασφάλειας. Τα φασολάκια πλατιά έχουν υψηλή περιεκτικότητα σε πρωτεΐνες και είναι πηγή βιταμίνης C.|https://www.ab.gr/medias/sys_master/haf/h47/8828906602526.jpg|4
ΑΝΑΜΙΚΤΑ ΛΑΧΑΝΙΚΑ ΚΑΤΕΨΥΓΜΕΝΑ 450 GR|Ο Μπάρμπα Στάθης ετοίμασε για εσάς μοναδικούς συνδυασμούς λαχανικών για το καθημερινό σας γεύμα. Η ανάμικτη σαλάτα λαχανικών έχει υψηλή περιεκτικότητα σε βιταμίνη A και είναι πηγή βιταμίνης C.|https://www.ab.gr/medias/sys_master/had/h41/8828856205342.jpg|4
ΚΑΛΑΜΠΟΚΙ ΒΙΟΛΟΓΙΚΟ ΚΑΤΕΨΥΓΜΕΝΟ 450 GR|Ο Μπάρμπα Στάθης επιλέγει και μας προσφέρει τα πιο νόστιμα και τρυφερά λαχανικά βιολογικής γεωργίας, ακολουθώντας παραδοσιακούς τρόπους καλλιέργειας, προσαρμοσμένους όμως στις σύγχρονες απαιτήσεις ποιότητας και ασφάλειας. Το καλαμπόκι είναι πηγή φολικού οξέος και πρωτεινών.|https://www.ab.gr/medias/sys_master/h16/h4c/8828943532062.jpg|4
ΓΛΩΣΣΑ ΦΙΛΕΤΟ ΚΑΤΕΨΥΓΜΕΝΗ ΣΥΣΚΕΥΑΣΜΕΝΗ 700 GR|Η γλώσσα της εταιρείας Καλλιμάνης δεν έχει πρόσθετα ή συντηρητικά, εξασφαλίζοντας όλη τη φρεσκάδα και τη θρεπτική αξία της θάλασσας. Η λεπτή της γεύση την κάνει ιδιαίτερα αγαπητή σε παιδιά και σε όσους είναι ευαίσθητοι στη μυρωδιά του ψαριού.|https://www.ab.gr/medias/sys_master/hac/hc9/8829997023262.jpg|4
ΑΓΓΙΝΑΡΕΣ ΠΑΤΟΙ ΚΑΤΕΨΥΓΜΕΝΟΙ 600 GR|Ο Μπάρμπα Στάθης, σύμμαχος της Ελληνίδας νοικοκυράς για περισσότερα από 40 χρόνια, είναι δίπλα της στον αγώνα για τη θρέψη της οικογένειας, με λαχανικά που συλλέγονται την ιδανική στιγμή της ωρίμανσής τους και καταψύχονται άμεσα, σφραγίζοντας όλη τη φρεσκάδα, τις βιταμίνες και τη γεύση τους, τόσο φρέσκα όσο τη στιγμή που κόπηκαν. Οι αγκινάρες έχουν υψηλή περιεκτικότητα σε πρωτεΐνες και φολικό οξύ.|https://www.ab.gr/medias/sys_master/heb/h4c/8828950511646.jpg|4
ΠΕΡΚΑ ΦΙΛΕΤΟ ΚΑΤΕΨΥΓΜΕΝΗ ΣΥΣΚΕΥΑΣΜΕΝΗ 1 KGR ΠΕΡΙΠΟΥ|Πέρκα φιλέτο Τανζανίας σε δίχτυ. Αλιευμένο σε γλυκά νερά (FAO 01).|https://www.ab.gr/medias/sys_master/h1f/h35/8917317845022.jpg|4
ΜΠΟΥΓΑΤΣΑ ΜΕ ΚΡΕΜΑ ΚΑΤΕΨΥΓΜΕΝΗ 850 GR|Τραγανά αυθεντικά φύλλα μπουγάτσας, περικλείουν λαχταριστή και μυρωδάτη κρέμα και μαζί σας προσφέρουν μία ασύγκριτη γευστική εμπειρία που ξεχειλίζει άρωμα Θεσσαλονίκης!|https://www.ab.gr/medias/sys_master/h56/hd1/8830061314078.jpg|4
ΒΑΚΑΛΑΟΣ ΦΙΛΕΤΟ ΞΑΛΜΥΡΙΣΜΕΝΟΣ ΚΑΤΕΨΥΓΜΕΝΟΣ ΣΥΣΚΕΥΑΣΜΕΝΟΣ 1.000 GR ΠΕΡΙΠΟΥ|Βακαλάος φιλέτο ελαφρώς αλατισμένος (FAO 27).|https://www.ab.gr/medias/sys_master/h6a/hc3/8829944528926.jpg|4
ΒΑΚΑΛΑΟΣ ΡΟΛΟ ΦΙΛΕΤΟ ΚΑΤΕΨΥΓΜΕΝΟΣ ΣΥΣΚΕΥΑΣΜΕΝΟΣ 1.000 GR ΠΕΡΙΠΟΥ|Βακαλάος ρολό κατεψυγμένος (FAO 41).|https://www.ab.gr/medias/sys_master/h32/hbf/8829909139486.jpg|4
ΦΑΣΟΛΑΚΙΑ ΠΛΑΤΙΑ ΚΑΤΕΨΥΓΜΕΝΑ 1 KGR|Φασολάκια πλατιά. Από τη φύση στην κατάψυξη.|https://www.ab.gr/medias/sys_master/h41/h65/8855735304222.jpg|4
ΜΑΪΝΤΑΝΟΣ ΚΑΤΕΨΥΓΜΕΝΟΣ 40 GR|Η πρακτική λύση για ολόφρεσκα μυρωδικά, διαθέσιμα ανά πάσα στιγμή στην κατάψυξή μας. Τα Μυρωδικά Μπάρμπα Στάθης, πλένονται, ψιλοκόβονται και καταψύχονται αμέσως μετά τη συγκομιδή τους, διατηρώντας έτσι όλα τα θρεπτικά συστατικά, τις βιταμίνες και τη γεύση τους.|https://www.ab.gr/medias/sys_master/he0/hd4/8834672001054.jpg|4
ΤΥΡΟΠΙΤΑΚΙΑ ΚΟΥΡΟΥ ΚΑΤΕΨΥΓΜΕΝΑ 1 KGR|Κατεψυγμένα τυροπιτάκια κουρού με μυζήθρα και φέτα.|https://www.ab.gr/medias/sys_master/h6e/h04/8834384035870.jpg|4
ΒΑΚΑΛΑΟΣ ΦΙΛΕΤΟ ΚΑΤΕΨΥΓΜΕΝΟΣ ΣΥΣΚΕΥΑΣΜΕΝΟΣ 700 GR|Ο βακαλάος της εταιρείας Καλλιμάνης δεν έχει πρόσθετα ή συντηρητικά, εξασφαλίζοντας όλη τη φρεσκάδα και τη θρεπτική αξία της θάλασσας. Προέρχεται από το γνωστό είδος Alaska Pollock, το οποίο φημίζεται για την τρυφερή του σάρκα αλλά και την ξεχωριστή του γεύση.|https://www.ab.gr/medias/sys_master/h96/hd8/8830122131486.jpg|4
ΗΜΙΕΤΟΙΜΟ ΦΑΓΗΤΟ ΚΑΤΕΨΥΓΜΕΝΟ ΨΗΤΑ ΛΑΧΑΝΙΚΑ 500 GR|Ο Μπάρμπα Στάθης ετοίμασε για εσάς μοναδικούς συνδυασμούς λαχανικών για το καθημερινό σας γεύμα. Τα ψητά λαχανικά έχουν υψηλή περιεκτικότητα σε βιταμίνη C και είναι πηγή βιταμίνης Α.|https://www.ab.gr/medias/sys_master/h7d/h4a/8828930129950.jpg|4
ΜΠΡΟΚΟΛΟ ΒΙΟΛΟΓΙΚΟ ΚΑΤΕΨΥΓΜΕΝΟ 500 GR|Ο Μπάρμπα Στάθης επιλέγει και μας προσφέρει τα πιο νόστιμα και τρυφερά λαχανικά βιολογικής γεωργίας, ακολουθώντας παραδοσιακούς τρόπους καλλιέργειας, προσαρμοσμένους όμως στις σύγχρονες απαιτήσεις ποιότητας και ασφάλειας. Το μπρόκολο έχει υψηλή περιεκτικότητα σε βιταμίνη C και φολικό οξύ.|https://www.ab.gr/medias/sys_master/h9d/h8b/8855731372062.jpg|4
ΤΡΙΓΩΝΑ ΣΠΙΤΙΚΑ ΜΕ ΣΠΑΝΑΚΙ ΑΝΤΙΔΙΑ ΠΡΑΣΟ ΚΑΙ ΜΥΖΗΘΡΑ ΚΑΤ. 750 GR|Αυθεντικά τρίγωνα πιτάκια, ζυμωμένα με εξαιρετικό παρθένο ελαιόλαδο, πάντα τραγανά με ζεστό χρυσορόδινο χρώμα και υπέροχη γεύση!|https://www.ab.gr/medias/sys_master/hcd/h0f/8834549252126.jpg|4
ΑΝΗΘΟΣ ΚΑΤΕΨΥΓΜΕΝΟΣ 50 GR|Άνιθος κατεψυγμένος. Πλένεται, κόβεται και καταψύχεται λίγη ώρα μετά τη συγκομιδή του.|https://www.ab.gr/medias/sys_master/hac/h48/8855728226334.jpg|4
ΚΑΛΑΜΑΡΑΚΙ ΚΟΜΜΕΝΟ ΚΑΙ ΚΑΘΑΡΙΣΜΕΝΟ ΚΑΤΕΨΥΓΜΕΝΟ ΣΥΣΚΕΥΑΣΜΕΝΟ 700 GR|Το καλαμάρι της εταιρείας Καλλιμάνης προσφέρεται και σε μορφή καθαρισμένο και κομμένο, με δέρμα, για περισσότερη ευκολία στο μαγείρεμα. Δεν περιέχει πρόσθετα ή συντηρητικά, εξασφαλίζοντας όλη τη θρεπτική του αξία, τη γνήσια γεύση του και το απόλυτο μαγειρικό αποτέλεσμα του φρέσκου.|https://www.ab.gr/medias/sys_master/hb9/ha8/8917308080158.jpg|4
ΜΠΑΜΙΕΣ ΚΑΤΕΨΥΓΜΕΝΕΣ 1 KGR|Ο Μπάρμπα Στάθης, σύμμαχος της Ελληνίδας νοικοκυράς για περισσότερα από 40 χρόνια, είναι δίπλα της στον αγώνα για τη θρέψη της οικογένειας, με λαχανικά που συλλέγονται την ιδανική στιγμή της ωρίμανσής τους και καταψύχονται άμεσα, σφραγίζοντας όλη τη φρεσκάδα, τις βιταμίνες και τη γεύση τους, τόσο φρέσκα όσο τη στιγμή που κόπηκαν. Οι μπάμιες έχουν υψηλή περιεκτικότητα σε φολικό οξύ και είναι πηγή βιταμίνης C.|https://www.ab.gr/medias/sys_master/hbd/h4f/8828974170142.jpg|4
ΦΑΣΟΛΑΚΙA ΣΤΡΟΓΓΥΛA KATEΨΥΓΜΕΝΑ 1 KGR|Φασολάκι στρογγυλο. Από τη φύση στην κατάψυξη.|https://www.ab.gr/medias/sys_master/h37/h05/8855725473822.jpg|4
ΨΑΡΟΚΡΟΚΕΤΕΣ ΠΑΝΑΡΙΣΜΕΝΕΣ 450 ΓΡ||https://www.ab.gr/medias/sys_master/hfd/h68/8854263070750.jpg|4
ΑΝΑΜΙΚΤΑ ΛΑΧΑΝΙΚΑ SPECIAL ΚΑΤΕΨΥΓΜΕΝΑ 450 GR|Ανάμεικτα λαχανικά, αρακάς, καρότο σε κύβους, κομμένο φασολάκι στρογγυλό, καλαμπόκι και κόκκινη πιπεριά σε λωρίδες . Από τη φύση στην κατάψυξη.|https://www.ab.gr/medias/sys_master/h28/h68/8855726063646.jpg|4
ΣΟΥΣΑΜΙΝΙΑ ΜΕ ΓΚΟΥΝΤΑ ΚΑΙ ΚΑΣΕΡΙ ΚΑΤΕΨΥΓΜΕΝΑ 750 GR|Το σουσάμι πασπαλίζει την αφράτη ζύμη ενώ η πλούσια γέμιση δίνει κάθε φορά μία καινούρια διάσταση στη γεύση!|https://www.ab.gr/medias/sys_master/hbe/h5f/8834637594654.jpg|4
ΣΑΛΑΤΑ ΚΑΛΑΜΠΟΚΙΟΥ ΚΑΤΕΨΥΓΜΕΝΗ 450 GR|Ο Μπάρμπα Στάθης ετοίμασε για εσάς μοναδικούς συνδυασμούς λαχανικών για το καθημερινό σας γεύμα. Υψηλή περιεκτικότητα σε βιταμίνη A και πηγή βιταμίνης C και φολικού οξέος.|https://www.ab.gr/medias/sys_master/h3c/h44/8828877668382.jpg|4
ΒΑΣΙΛΙΚΟΣ ΚΑΤΕΨΥΓΜΕΝOΣ 50 GR|Βασιλικός κατεψυγμένος. Πλένεται, κόβεται και καταψύχεται λίγη ώρα μετά τη συγκομιδή του.|https://www.ab.gr/medias/sys_master/h2d/hf8/8855727439902.jpg|4
ΜΠΑΜΙΕΣ EXTRA ΚΑΤΕΨΥΓΜΕΝΕΣ 1 KGR|Ο Μπάρμπα Στάθης, σύμμαχος της Ελληνίδας νοικοκυράς για περισσότερα από 40 χρόνια, είναι δίπλα της στον αγώνα για τη θρέψη της οικογένειας, με λαχανικά που συλλέγονται την ιδανική στιγμή της ωρίμανσής τους και καταψύχονται άμεσα, σφραγίζοντας όλη τη φρεσκάδα, τις βιταμίνες και τη γεύση τους, τόσο φρέσκα όσο τη στιγμή που κόπηκαν. Οι μπάμιες έχουν υψηλή περιεκτικότητα σε φολικό οξύ και είναι πηγή βιταμίνης C.|https://www.ab.gr/medias/sys_master/h87/h48/8828913680414.jpg|4
ΓΑΡΙΔΕΣ 31/40 ΑΠΟΦΛ. ΚΑΙ ΠΡΟΒΡ. ΜΕ ΟΥΡΑ ΚΑΤΕΨ.ΤΥΠ. ΙΝΔΙΑΣ 500 GR|Γαρίδες αποφλοιωμένες και προβρασμένες (με ουρές) εκτροφής Ινδίας, βαθειάς κατάψυξης, μέγεθος 31-40.|https://www.ab.gr/medias/sys_master/h8d/hae/8930574729246.jpg|4
ΚΕΦΤΕΔΑΚΙΑ ΚΑΤΕΨΥΓΜΕΝΑ 420 GR|Χωρίς συντηρητικά. Με εξαιρετικό παρθένο ελαιόλαδο.|https://www.ab.gr/medias/sys_master/hb1/h16/8836009984030.jpg|4
ΠΑΤΑΤΕΣ MEDITERANNEAN ΚΑΤΕΨΥΓΜΕΝΕΣ 750 GR|Πατάτες κυδωνάτες με φλούδα και μυρωδικά, ιδανικές για προετοιμασία στο φούρνο!|https://www.ab.gr/medias/sys_master/he3/h00/8838556712990.jpg|4
ΑΝΗΘΟΣ ΚΑΤΕΨΥΓΜΕΝΟΣ 50 GR|Η πρακτική λύση για ολόφρεσκα μυρωδικά, διαθέσιμα ανά πάσα στιγμή στην κατάψυξή μας. Τα Μυρωδικά Μπάρμπα Στάθης, πλένονται, ψιλοκόβονται και καταψύχονται αμέσως μετά τη συγκομιδή τους, διατηρώντας έτσι όλα τα θρεπτικά συστατικά, τις βιταμίνες και τη γεύση τους.|https://www.ab.gr/medias/sys_master/h5e/h25/8834671214622.jpg|4
ΦΑΣΟΛΑΚΙΑ ΣΤΡΟΓΓΥΛΑ ΗΜΑΘΙΑΣ ΚΑΤΕΨΥΓΜΕΝΑ 1 KGR|Νόστιμα στρογγυλά φασολάκια, από την εύφορη γη της Ημαθείας, ένα βασικό συστατικό της Μεσογειακής διατροφής. Καλλιεργούνται και συγκομίζονται με ξεχωριστή φροντίδα, επιλέγονται προσεκτικά και καταψύχονται αμέσως για να μπορείτε να τα απολαμβάνετε όλο το χρόνο. Η ΆλφαΒήτα κοντά στην ελληνική γη.|https://www.ab.gr/medias/sys_master/hc9/h48/8828915843102.jpg|4
ΗΜΙΕΤΟΙΜΟ ΦΑΓΗΤΟ ΚΑΤΕΨΥΓΜΕΝΟ ΜΠΡΙΑΜ 1 KGR|Ας απολαύσουμε όλη τη φρεσκάδα των λαχανικών Μπάρμπα Στάθη και …κάτι περισσότερο: Αγαπημένους συνδυασμούς λαχανικών! Κάθε σακουλάκι Ας Μαγειρέψουμε κλείνει μέσα του όλα τα λαχανικά που χρειαζόμαστε, στις σωστές αναλογίες, για να φτιάξουμε ελληνικές, παραδοσιακές συνταγές. Το μπριάμ είναι ένας συνδυασμός λαχανικών υψηλής περιεκτικότητας σε βιταμίνη C.|https://www.ab.gr/medias/sys_master/haa/hc8/8829988569118.jpg|4
ΑΝΑΜΙΚΤΑ ΛΑΧΑΝΙΚΑ ΚΑΤΕΨΥΓΜΕΝΑ 1 KGR|Ανάμικτα λαχανικά. Τα ΑΛΦΑ Βητα επέλεξαν για εσάς μια σειρά από λαχανικά τα 365. Επειδή τα προϊόντα είναι βαθείας κατάψυξης διατηρούν αναλλοίωτη την γεύση τους μέχρι τη στιγμή που θα τα δοκιμάσετε. Συλλέγονται, καθαρίζονται και καταψύχωνται αμέσως, σε υποερσύγχρονες εγκαταστάσεις πολύ υψηλών προδιαγραφών για να φτάσουν σ'εσάς σε άριστη κατάσταση. Δοκιμάστε τα.|https://www.ab.gr/medias/sys_master/h75/h50/8828980199454.jpg|4
ΛΑΧΑΝΟΜΠΟΥΚΙΕΣ ΑΝΑΜΙΚΤΑ ΛΑΧΑΝΙΚΑ ΚΑΤΕΨΥΓΜΕΝΑ 360 GR|Οι «Λαχανομπουκιές» Μπάρμπα Στάθης είναι κροκέτες λαχανικών με εκλεκτά τυριά και τραγανό πανάρισμα. Η συσκευασία περιέχει 12 παιχνιδιάρικα sticks με ανάμικτα λαχανικά, έτοιμα με 15’ ψήσιμο στο φούρνο. Μια εύκολη λύση για συμπλήρωμα στο οικογενειακό μεσημεριανό γεύμα ή για ένα υγιεινό σνακ κάθε στιγμή της ημέρας.|https://www.ab.gr/medias/sys_master/h46/hc9/8829993680926.jpg|4
ΑΝΑΜΙΚΤΑ ΛΑΧΑΝΙΚΑ ΒΙΟΛΟΓΙΚΑ ΚΑΤΕΨΥΓΜΕΝΑ 450 GR|Ο Μπάρμπα Στάθης επιλέγει και μας προσφέρει τα πιο νόστιμα και τρυφερά λαχανικά βιολογικής γεωργίας, ακολουθώντας παραδοσιακούς τρόπους καλλιέργειας, προσαρμοσμένους όμως στις σύγχρονες απαιτήσεις ποιότητας και ασφάλειας. Τα ανάμικτα λαχανικά έχουν υψηλή περιεκτικότητα σε βιταμίνη A και είναι πηγή βιταμίνης C.|https://www.ab.gr/medias/sys_master/h64/h46/8828895756318.jpg|4
ΚΟΤΟΠΟΥΛΟ ΟΛΟΚΛΗΡΟ ΚΑΤΕΨΥΓΜΕΝΟ ΣΥΣΚΕΥΑΣΜΕΝΟ ΕΛΛΗΝΙΚΟ 1.600 GR ΠΕΡΙΠΟΥ|Το νόστιμο, ορεινό κοτόπουλο, φρέσκο και μεγαλωμένο σε ορεινό κλίμα. Ως κρέας κοτόπουλο βαθείας καταψύξεως εννοούμε το κρέας το οποίο καταψύχεται και διατηρείται συνεχώς σε θερμοκρασία που δεν υπερβαίνει τους -18ο C. Το κατεψυγμένο κοτόπουλο δεν περιέχει εντόσθια (τύπος 65%).|https://www.ab.gr/medias/sys_master/hd9/hc1/8917293793310.jpg|4
SMOOTHIES WILD FOREST 300 GR||https://www.ab.gr/medias/sys_master/ha1/h3e/8935285587998.jpg|4
ΠΕΙΝΙΡΛΙ ΚΑΤΕΨΥΓΜΕΝΟ ΚΑΠΝΙΣΤΟ ΜΠΕΙΚΟΝ AND ΚΑΣΕΡΙ 650 GR|Η Χρυσή Ζύμη αναβιώνει ξεχωριστές στιγμές της πολίτικης και μικρασιάτικης παράδοσης και βάζοντας όλη της την τέχνη, σας προσφέρει αυθεντικά Πεϊνιρλί!|https://www.ab.gr/medias/sys_master/h32/hfc/8839796293662.jpg|4
ΠΙΤΤΑ ΚΑΤΕΨΥΓΜΕΝΗ ΣΠΙΤΙΚΗ ΚΑΣΕΡΟΠΙΤΑ 850 GR|Κλασικά τετράγωνα κομμάτια με κασέρι & κεφαλογραβιέρα Ηπείρου που περικλείουν όλη τη νοστιμιά μιας αυθεντικής σπιτικής συνταγής!|https://www.ab.gr/medias/sys_master/hf1/h62/8834417459230.jpg|4
ΠΙΤΣΑ ΚΑΤΕΨΥΓΜΕΝΗ ΜΑΡΓΑΡΙΤΑ 2X470 GR||https://www.ab.gr/medias/sys_master/h9b/ha0/8936593457182.jpg|4
ΣΠΑΝΑΚΟΠΙΤΑ ΚΑΤΕΨΥΓΜΕΝΗ ΚΑΣΣΙΑΤΑ ΖΑΓΟΡΙΟΥ 650 GR||https://www.ab.gr/medias/sys_master/h7f/h58/8936285962270.jpg|4
ΠΡΑΣΣΟΠΙΤΑ ΧΩΡΙΑΤΙΚΗ ΚΑΤΕΨΥΓΜΕΝΗ 400 GR|Φτιαγμένη με χοντρό φύλλο ζυμωμένο με ελαιόλαδο που όταν ψήνεται γίνεται απολαυστικά τραγανό και πλούσια γέμιση από τρυφερό πράσο, μυζήθρα και φέτα, μπορεί να συμπληρώσει το τραπέζι σας ή να γίνει από μόνη της ένα κυρίως γεύμα. Σε ταψάκι για εύκολο και γρήγορο ψήσιμο.|https://www.ab.gr/medias/sys_master/hdc/h2b/8835949821982.jpg|4
ΡΟΛΙΝΙΑ ΜΕ ΜΠΕΪΚΟΝ ΚΑΙ ΚΑΣΕΡΙ ΚΑΤΕΨΥΓΜΕΝΑ 800 GR|Φύλλο ζυμωμένο με μαλακό αλεύρι και εξαιρετικό παρθένο ελαιόλαδο και γέμιση με τα πιο αγνά παραδοσιακά υλικά της πατρίδας μας!|https://www.ab.gr/medias/sys_master/hca/h9c/8834357887006.jpg|4
ΣΠΑΝΑΚΙ ΦΥΛΛΑ ΚΑΤΕΨΥΓΜΕΝΟ 450 GR|Σπανάκι σε φύλλο. Από τη φύση στην κατάψυξη. Περιέχει πολλά θρεπτικά συστατικά όπως σίδηρο, φυλλικό οξύ και αντιοξειδωτικές βιταμίνες. Για να αυξήσετε την απορρόφηση του σιδήρου που περιέχει συνδυάστε το με μια πηγή βιταμίνης C (π.χ. πιπεριά, ντομάτα, λεμόνι, πορτοκάλι).|https://www.ab.gr/medias/sys_master/h32/ha8/8855724294174.jpg|4
ΡΟΛΙΝΙΑ ΜΕ ΓΡΑΒΙΕΡΑ ΚΡΗΤΗΣ ΚΑΤΕΨΥΓΜΕΝΑ 800 GR|Φύλλο ζυμωμένο με μαλακό αλεύρι και εξαιρετικό παρθένο ελαιόλαδο και γέμιση με τα πιο αγνά παραδοσιακά υλικά της πατρίδας μας!|https://www.ab.gr/medias/sys_master/h0b/h7c/8834358476830.jpg|4
ΧΤΑΠΟΔΙ 800 /1.200 GR ΚΑΤΕΨΥΓΜΕΝΟ ΣΥΣΚΕΥΑΣΜΕΝΟ  (FAO 34) 1.000 GR ΠΕΡΙΠΟΥ|Χταπόδι Μαρόκου (FAO 34).|https://www.ab.gr/medias/sys_master/h13/h4f/8917299757086.jpg|4
ΚΡΟΚΕΤΕΣ ΨΑΡΙΩΝ ΚΑΤΕΨΥΓΜΕΝΕΣ 15 ΤΕΜΑΧΙΑ 450 GR|Tα Fish Sticks της εταιρείας Καλλιμάνης δεν έχουν πρόσθετα ή συντηρητικά, αποτελώντας έτσι μία νόστιμη λύση για να απολαμβάνουν τα παιδιά πιο συχνά θρεπτικό ψάρι. Προέρχονται από ολόκληρα, αγνά φιλέτα βακαλάου, Alaska Pollock, ενώ το πανάρισμα τους είναι νόστιμο, τραγανό και 100% φυσικό αφού δεν περιέχει πρόσθετα και συντηρητικά.|https://www.ab.gr/medias/sys_master/h4f/h62/8835967909918.jpg|4
ΜΠΑΜΙΕΣ EXTRA ΚΑΤΕΨΥΓΜΕΝΕΣ 450 GR|Ο Μπάρμπα Στάθης, σύμμαχος της Ελληνίδας νοικοκυράς για περισσότερα από 40 χρόνια, είναι δίπλα της στον αγώνα για τη θρέψη της οικογένειας, με λαχανικά που συλλέγονται την ιδανική στιγμή της ωρίμανσής τους και καταψύχονται άμεσα, σφραγίζοντας όλη τη φρεσκάδα, τις βιταμίνες και τη γεύση τους, τόσο φρέσκα όσο τη στιγμή που κόπηκαν. Οι μπάμιες έχουν υψηλή περιεκτικότητα σε φολικό οξύ και είναι πηγή βιταμίνης C.|https://www.ab.gr/medias/sys_master/h99/h48/8828914270238.jpg|4
ΚΑΤΕΨΥΓΜΕΝΕΣ ΦΡΑΟΥΛΕΣ 300 GR||https://www.ab.gr/medias/sys_master/hdb/h12/8934880706590.jpg|4
ΣΑΡΔΕΛΕΣ ΦΙΛΕΤΟ ΚΑΤΕΨΥΓΜΕΝΕΣ 400GR|ΤΡΑΤΑ  ΣΑΡΔΕΛΕΣ ΦΙΛΕΤΟ 400ΓΡ FAO 27  ΚΑΤΕΨΥΓΜΕΝΟ ΤΥΠΟΠΟΙΗΜΕΝ|https://www.ab.gr/medias/sys_master/h7e/hef/8923910799390.jpg|4
ΑΡΑΚΑΣ ΨΙΛΟΣ ΚΑΤΕΨΥΓΜΕΝΟΣ 450 GR|Αρακάς ψιλός. Από τη φύση στην κατάψυξη.|https://www.ab.gr/medias/sys_master/hc5/h77/8855736483870.jpg|4
ΣΦΟΛΙΑΤΑ ΚΑΤΕΨΥΓΜΕΝΗ 850 GR|Ιδανική για αλμυρές ή γλυκές πίτες και τάρτες και για αφράτα κρουασάν ή μιλφέιγ, σας χαρίζει όμορφες σπιτικές στιγμές, γεμάτες με τις πιο νόστιμες και απολαυστικές δημιουργίες σας!|https://www.ab.gr/medias/sys_master/h30/hd3/8830076846110.jpg|4
ΑΡΑΚΑΣ ΑΝΟΙΞΕΩΣ ΚΑΤΕΨΥΓΜΕΝΟΣ 1 ΚG||https://www.ab.gr/medias/sys_master/h10/hf8/8938113761310.jpg|4
ΛΟΥΚΑΝΟΠΙΤΑΚΙΑ ΚΑΤΕΨΥΓΜΕΝΑ 800 GR||https://www.ab.gr/medias/sys_master/h3d/h6c/8936574058526.jpg|4
ΣΠΑΝΑΚΙ ΨΙΛΟΚΟΜΜΕΝΟ ΚΑΤΕΨΥΓΜΕΝΟ 1 KGR|Ο Μπάρμπα Στάθης, σύμμαχος της Ελληνίδας νοικοκυράς για περισσότερα από 40 χρόνια, είναι δίπλα της στον αγώνα για τη θρέψη της οικογένειας, με λαχανικά που συλλέγονται την ιδανική στιγμή της ωρίμανσής τους και καταψύχονται άμεσα, σφραγίζοντας όλη τη φρεσκάδα, τις βιταμίνες και τη γεύση τους, τόσο φρέσκα όσο τη στιγμή που κόπηκαν. Το σπανάκι έχει υψηλή περιεκτικότητα σε βιταμίνη Α και C και είναι πηγή σιδήρου.|https://www.ab.gr/medias/sys_master/h66/h5e/8829097148446.jpg|4
ΜΑΝΙΤΑΡΙ ΦΕΤΕΣ ΚΑΤΕΨΥΓΜΕΝΟ 450 GR|Μανιτάρια σε φέτες. Από τη φύση στην κατάψυξη.|https://www.ab.gr/medias/sys_master/h30/h45/8855731961886.jpg|4
ΧΤΑΠΟΔΙ ΠΛΟΚΑΜΙ ΚΑΤΕΨΥΓΜΕΝΟ ΣΥΣΚΕΥΑΣΜΕΝΟ 1.000 GR ΠΕΡΙΠΟΥ|Χταπόδι πλοκάμι χωρίς κεφάλι (FAO 31).|https://www.ab.gr/medias/sys_master/hcc/hc1/8829930962974.jpg|4
ΚΟΚΚΙΝΟΨΑΡΟ ΜΕΓΑΛΟ ΑΚΕΦΑΛΟ ΚΑΤΕΨΥΓΜΕΝΟ ΣΥΣΚΕΥΑΣΜΕΝΟ 1.000 GR ΠΕΡΙΠΟΥ|Κοκκινόψαρα μεγάλα ακέφαλα Ισλανδίας σε δίχτυ (FAO 27).|https://www.ab.gr/medias/sys_master/hda/hbf/8829914644510.jpg|4
ΠΑΤΑΤΕΣ ΠΡΟΤΗΓΑΝΙΣΜΕΝΕΣ ΚΑΤΕΨΥΓΜΕΝΕΣ 1 KGR|Ο Μπάρμπα Στάθης ετοίμαστε για εσάς, ελληνικές πατάτες, πλυμένες και κομμένες, διαθέσιμες ανά πάσα στιγμή στην κατάψυξή σας για τηγάνισμα ή ψήσιμο στο φούρνο.|https://www.ab.gr/medias/sys_master/hea/h46/8828900147230.jpg|4
ΦΑΣΟΛΑΚΙΑ ΚΑΤΕΨΥΓΜΕΝΑ 1 KGR|Φασολάκι στρογγυλό. Τα ΑΛΦΑ Βητα επέλεξαν για εσάς μια σειρά από λαχανικά τα 365. Επειδή τα προϊόντα είναι βαθείας κατάψυξης διατηρούν αναλλοίωτη την γεύση τους μέχρι τη στιγμή που θα τα δοκιμάσετε. Συλλέγονται, καθαρίζονται και καταψύχωνται αμέσως, σε υποερσύγχρονες εγκαταστάσεις πολύ υψηλών προδιαγραφών για να φτάσουν σ'εσάς σε άριστη κατάσταση. Δοκιμάστε τα.|https://www.ab.gr/medias/sys_master/ha5/h88/8855734714398.jpg|4
ΦΥΛΛΟ ΚΑΤΕΨΥΓΜΕΝΟ ΚΡΟΥΣΤΑΣ ΚΑΤΕΨΥΓΜΕΝΟ 450 GR|Φύλλο κρούστας για γλυκά και πίτες.|https://www.ab.gr/medias/sys_master/hcb/h50/8838582534174.jpg|4
ΗΜΙΕΤΟΙΜΟ ΦΑΓΗΤΟ ΚΑΤΕΨΥΓΜΕΝΟ ΡΥΖΙ ΜΕ ΚΑΛΑΜΠΟΚΙ 600 GR|Με την αγορά προϊόντων για Καλό Σκοπό,ενισχύονται οι κοινωνικοί φορείς που υποστηρίζουν οικογένειες που έχουν ανάγκη ανά την Ελλάδα.Ο Μπαρμπα Στάθης ετοίμασε για εσάς 4 πεντανόστιμους συνδυασμούς ρυζιού με λαχανικά, ιδανικοί ως συνοδευτικό με κρέας ή ψάρι, αλλά και ως κυρίως γεύμα. Το ρύζι με καλαμπόκι και ποικιλία λαχανικών έχει υψηλή περιεκτικότητα σε βιταμίνη Α.|https://www.ab.gr/medias/sys_master/hc1/h47/8828907192350.jpg|4
ΚΑΡΟΤΟ ΒΙΟΛΟΓΙΚΟ ΚΑΤΕΨΥΓΜΕΝΟ 450 GR|Ο Μπάρμπα Στάθης επιλέγει και μας προσφέρει τα πιο νόστιμα και τρυφερά λαχανικά βιολογικής γεωργίας, ακολουθώντας παραδοσιακούς τρόπους καλλιέργειας, προσαρμοσμένους όμως στις σύγχρονες απαιτήσεις ποιότητας και ασφάλειας.|https://www.ab.gr/medias/sys_master/hd3/hae/8836044587038.jpg|4
ΠΑΤΑΤΕΣ FRITES ΚΑΤΕΨΥΓΜΕΝΕΣ 2 KGR|Προτηγανισμένες και κατεψυγμένες πατάτες από την 365.|https://www.ab.gr/medias/sys_master/hef/he2/8841240870942.jpg|4
ΣΝΙΤΣΕΛ ΦΙΛΕΤΟ ΚΟΤΟΠΟΥΛΟ ΚΑΤΕΨΥΓΜΕΝΟ 420 GR|Χωρίς συντηρητικά. Με εξαιρετικό παρθένο ελαιόλαδο.|https://www.ab.gr/medias/sys_master/h67/h26/8835985997854.jpg|4
ΠΙΤΣΑ MOZZARELLA ΚΑΤΕΨΥΓΜΕΝΗ 2 X 335 GR|Η τραγανή και λεπτή ζύμη και η πλούσια επίστρωση από νόστιμα καλοδιαλεγμένα υλικά κάνουν την πίτσα Dr. Oetker Ristorante Mozzarella ακαταμάχητη για τους λάτρεις της ιταλικής πιτσαρίας. H πίτσα Dr. Oetker RistoranteMozzarella περιέχει σάλτσα τομάτας, μοτσαρέλα, τυρί ένταμ και ένα συναρπαστικό μίγμα μπαχαρικών και βοτάνων. Σε διπλή συσκευασία.|https://www.ab.gr/medias/sys_master/h6c/h8a/8917313585182.jpg|4
ΚΑΛΑΜΠΟΚΙ ΚΑΤΕΨΥΓΜΕΝΟ 1 KGR|Καλαμπόκι. Τα ΑΛΦΑ Βητα επέλεξαν για εσάς μια σειρά από λαχανικά τα 365. Επειδή τα προϊόντα είναι βαθείας κατάψυξης διατηρούν αναλλοίωτη την γεύση τους μέχρι τη στιγμή που θα τα δοκιμάσετε. Συλλέγονται, καθαρίζονται και καταψύχωνται αμέσως, σε υποερσύγχρονες εγκαταστάσεις πολύ υψηλών προδιαγραφών για να φτάσουν σ'εσάς σε άριστη κατάσταση. Δοκιμάστε τα.|https://www.ab.gr/medias/sys_master/hb7/h50/8828982362142.jpg|4
ΚΙΧΙ ΠΙΤΤΑ ΤΥΡΙ ΣΕ ΤΑΨΙ ΚΑΤΕΨΥΓΜΕΝΟ 800 GR|Παραδοσιακή κοζανίτικη πίτα, με όνομα και γεύση. Απολαύστε την αυθεντική στριφτή πίτα από τα «ζυμώματα» των παλιών καλών νοικοκυρών της Κοζάνης. Με τραγανό, χωριάτικο φύλλο, ζυμωμένο με παρθένο ελαιόλαδο και γέμιση από αγνά, εκλεκτά υλικά! Διατίθεται σε συσκευασία-ταψάκι για εύκολο, υγιεινό και τέλειο ψήσιμο (πάνω-κάτω). Γέμιση: Τυρί.|https://www.ab.gr/medias/sys_master/he1/h5c/8838597279774.jpg|4
ΗΜΙΕΤΟΙΜΟ ΦΑΓΗΤΟ ΚΑΤΕΨΥΓΜΕΝΟ ΦΑΣΟΛΑΚΙΑ ΧΑΝΔΡΕΣ ΛΑΔΕΡΑ 1 KGR|Ας απολαύσουμε όλη τη φρεσκάδα των λαχανικών Μπάρμπα Στάθη και …κάτι περισσότερο: Αγαπημένους συνδυασμούς λαχανικών! Κάθε σακουλάκι Ας Μαγειρέψουμε κλείνει μέσα του όλα τα λαχανικά που χρειαζόμαστε, στις σωστές αναλογίες, για να φτιάξουμε ελληνικές, παραδοσιακές συνταγές. Τα φασολάκια χάντρες λαδερά είναι ένας συνδυασμός λαχανικών υψηλής περιεκτικότητας σε φυτικές ίνες, βιταμίνη A.|https://www.ab.gr/medias/sys_master/h22/hc9/8829992501278.jpg|4
ΣΚΟΡΔΟ ΚΑΤΕΨΥΓΜΕΝΟ 60 GR|Η πρακτική λύση για ολόφρεσκα μυρωδικά, διαθέσιμα ανά πάσα στιγμή στην κατάψυξή μας. Τα Μυρωδικά Μπάρμπα Στάθης, πλένονται, ψιλοκόβονται και καταψύχονται αμέσως μετά τη συγκομιδή τους, διατηρώντας έτσι όλα τα θρεπτικά συστατικά, τις βιταμίνες και τη γεύση τους.|https://www.ab.gr/medias/sys_master/h3d/hf0/8834670428190.jpg|4
ΣΤΡΙΦΤΑΡΙ ΜΕ ΤΥΡΙ ΚΑΤΕΨΥΓΜΕΝΟ 800 GR|Ξεχωριστό στριφτό σχήμα που κλείνει μέσα του όλη τη γεύση και το άρωμα μιας αυθεντικής, σπιτικής δημιουργίας!|https://www.ab.gr/medias/sys_master/hf6/ha3/8834352775198.jpg|4
ΚΑΤΕΨΥΓΜΕΝΑ ΒΑΤΟΜΟΥΡΑ ΚΟΚΚΙΝΑ 300 GR||https://www.ab.gr/medias/sys_master/h5d/hb3/8934915112990.jpg|4
ΜΠΙΦΤΕΚΙΑ ΚΑΤΕΨΥΓΜΕΝΑ 420 GR|Χωρίς συντηρητικά. Με εξαιρετικό παρθένο ελαιόλαδο.|https://www.ab.gr/medias/sys_master/h70/h98/8836075651102.jpg|4
ΦΥΛΛΟ ΚΑΤΕΨΥΓΜΕΝΟ ΠΑΡΑΔΟΣΙΑΚΟ ΖΑΓΟΡΙΣΙΟ 750 GR|Παραδοσιακό χειροποίητο φύλλο για πίτες από τα αγνότερα υλικά.|https://www.ab.gr/medias/sys_master/h4a/h1a/8834623635486.jpg|4
ΛΟΥΚΑΝΙΚΟΠΙΤΑΚΙΑ ΚΑΤΕΨΥΓΜΕΝΑ 1 KGR|Λουκανικοπιτάκια από την 365.|https://www.ab.gr/medias/sys_master/h28/h1b/8834717024286.jpg|4
ΠΑΓΚΑΣΙΟΥΣ ΦΙΛΕΤΟ  1 KGR|Κατεψυγμένο φιλέτο παγκάσιους. Υδατοκαλλιέργειας Βιετνάμ.|https://www.ab.gr/medias/sys_master/he3/h84/8840200585246.jpg|4
ΣΠΑΝΑΚΟΠΙΤΑ ΣΤΡΙΦΤΗ ΚΑΤΕΨΥΓΜΕΝΗ 400 GR|Φτιαγμένη με χοντρό φύλλο ζυμωμένο με ελαιόλαδο που όταν ψήνεται γίνεται απολαυστικά τραγανό και πλούσια γέμιση από τρυφερά φύλλα σπανάκι, πράσο, κρεμμυδάκι και άνηθο φέτα και μυζήθρα, μπορεί να συμπληρώσει το τραπέζι σας ή να γίνει από μόνη της ένα κυρίως γεύμα. Σε ταψάκι για εύκολο και γρήγορο ψήσιμο.|https://www.ab.gr/medias/sys_master/h1f/hf3/8834364375070.jpg|4
ΤΥΡΟΠΙΤΑ ΖΑΓΟΡΙΟΥ ΚΑΤΕΨΥΓΜΕΝΗ 650 GR||https://www.ab.gr/medias/sys_master/hdb/h52/8936263352350.jpg|4
ΑΓΓΙΝΑΡΕΣ ΠΑΤΟΙ ΚΑΤΕΨΥΓΜΕΝΟΙ 400 GR|Αγκινάρες πάτοι. Από τη φύση στην κατάψυξη.|https://www.ab.gr/medias/sys_master/h8d/h20/8855730782238.jpg|4
ΠΑΤΑΤΕΣ NOISETTES FROZEN 600 GR|"""NOISETTES"" Παρασκεύασμα με πατάτα. Προϊόν Βελγίου."|https://www.ab.gr/medias/sys_master/hd0/hcd/8841097478174.jpg|4
ΠΑΤΑΤΕΣ ΚΑΤΕΨΥΓΜΕΝΕΣ ΦΟΥΡΝΟΥ CHIPS 600 GR|Παναρισμένες πατάτες στο φούρνο σε κλασσικό κόψιμο, έξτρα τραγανές.|https://www.ab.gr/medias/sys_master/h72/h85/8834702868510.jpg|4
ΚΑΡΟΤΑ ΦΕΤΕΣ KATEΨΥΓΜENA 450 GR|καρότα σε φέτες. Από τη φύση στην κατάψυξη.|https://www.ab.gr/medias/sys_master/h58/hc3/8829943939102.jpg|4
ΚΟΚΚΙΝΟΨΑΡΟ ΜΕΣΑΙΟ ΑΚΕΦΑΛΟ ΚΑΤΕΨΥΓΜΕΝΟ ΣΥΣΚΕΥΑΣΜΕΝΟ 1.000 GR ΠΕΡΙΠΟΥ|Κοκκινόψαρα μεσαία ακέφαλα Ισλανδίας σε δίχτυ (FAO 27).|https://www.ab.gr/medias/sys_master/h26/hbf/8829908746270.jpg|4
ΛΑΧΑΝΑΚΙ ΒΡΥΞΕΛΛΩΝ ΚΑΤΕΨΥΓΜΕΝΟ 450 GR|Ο Μπάρμπα Στάθης, σύμμαχος της Ελληνίδας νοικοκυράς για περισσότερα από 40 χρόνια, είναι δίπλα της στον αγώνα για τη θρέψη της οικογένειας, με λαχανικά που συλλέγονται την ιδανική στιγμή της ωρίμανσής τους και καταψύχονται άμεσα, σφραγίζοντας όλη τη φρεσκάδα, τις βιταμίνες και τη γεύση τους, τόσο φρέσκα όσο τη στιγμή που κόπηκαν. Τα λαχανάκια Βρυξελλών έχουν υψηλή περιεκτικότητα σε βιταμίνη C και φολικό οξύ.|https://www.ab.gr/medias/sys_master/h57/h4a/8828928884766.jpg|4
ΤΥΡΟΠΙΤΑΚΙΑ ΚΑΤΕΨΥΓΜΕΝΑ 1 KGR|Τυροπιτάκια από την 365.|https://www.ab.gr/medias/sys_master/h07/h46/8840983379998.jpg|4
ΦΥΛΛΟ ΚΑΤΕΨΥΓΜΕΝΟ ΧΩΡΙΑΤΙΚΟ ΚΙΧΙ 750 GR|Το φύλλο χωριάτικο Κοζάνης ΚΙΧΙ από την alfa, για παραδοσιακές πίτες, είναι ζυμωμένο με αγνό ελαιόλαδο και τα πιο εκλεκτά υλικά. Μεταφέρει όλη τη μαγεία της παράδοσης και της τέχνης του ΚΟΖΑΝΙΤΙΚΟΥ φύλλου, από τα χέρια των παλιών νοικοκυρών, στα δικά σας. Ξετυλίξτε τα μυστικά της κοζανίτικης συνταγής στις πίτες σας!|https://www.ab.gr/medias/sys_master/h57/h60/8840175616030.jpg|4
ΗΜΙΕΤΟΙΜΟ ΦΑΓΗΤΟ ΚΑΤΕΨΥΓΜΕΝΟ ΑΡΑΚΑΣ ΜΕ ΑΓΓΙΝΑΡΕΣ 600 GR|Ας απολαύσουμε όλη τη φρεσκάδα των λαχανικών Μπάρμπα Στάθη και …κάτι περισσότερο: Αγαπημένους συνδυασμούς λαχανικών! Κάθε σακουλάκι Ας Μαγειρέψουμε κλείνει μέσα του όλα τα λαχανικά που χρειαζόμαστε, στις σωστές αναλογίες, για να φτιάξουμε ελληνικές, παραδοσιακές συνταγές. Ο αρακάς με αγκινάρες είναι ένας συνδυασμός λαχανικών υψηλής περιεκτικότητας σε βιταμίνη A.|https://www.ab.gr/medias/sys_master/h22/hbc/8837818253342.jpg|4
ΚΡΕΜΜΥΔΟΠΙΤΑ ΚΑΤΕΨΥΓΜΕΝΗ 650 GR||https://www.ab.gr/medias/sys_master/hff/hc4/8936257191966.jpg|4
ΤΥΡΟΠΙΤΑΚΙΑ ΓΚΟΥΝΤΑ ΚΑΙ ΚΑΣΕΡΙ ΚΑΤΕΨΥΓΜΕΝΑ 1 KGR|Πιτάκια με ζύμη σφολιάτας και γέμιση με γκούντα και κασέρι. Προϊόν βαθειάς κατάψυξης.|https://www.ab.gr/medias/sys_master/h7d/h74/8847117615134.jpg|4
ΗΜΙΕΤΟΙΜΟ ΦΑΓΗΤΟ ΚΑΤΕΨΥΓΜΕΝΟ ΑΓΚΙΝΑΡΕΣ ΑΛΑ ΠΟΛΙΤΑ 600 GR|Ας απολαύσουμε όλη τη φρεσκάδα των λαχανικών Μπάρμπα Στάθη και …κάτι περισσότερο: Αγαπημένους συνδυασμούς λαχανικών! Κάθε σακουλάκι Ας Μαγειρέψουμε κλείνει μέσα του όλα τα λαχανικά που χρειαζόμαστε, στις σωστές αναλογίες, για να φτιάξουμε ελληνικές, παραδοσιακές συνταγές. Οι αγκινάρες αλά πολίτα είναι ένας συνδυασμός λαχανικών υψηλής περιεκτικότητας σε βιταμίνη A.|https://www.ab.gr/medias/sys_master/h9c/h11/8837816680478.jpg|4
ΗΜΙΕΤΟΙΜΟ ΦΑΓΗΤΟ ΚΑΤΕΨΥΓΜΕΝΟ ΡΥΖΙ ΜΕ ΜΑΝΙΤΑΡΙΑ 600 GR|Ο Μπαρμπα Στάθης ετοίμασε για εσάς 4 πεντανόστιμους συνδυασμούς ρυζιού με λαχανικά, ιδανικοί ως συνοδευτικό με κρέας ή ψάρι, αλλά και ως κυρίως γεύμα.|https://www.ab.gr/medias/sys_master/h9c/h47/8828905979934.jpg|4
SMOOTHIES YELLOW SUNRISE 300 GR||https://www.ab.gr/medias/sys_master/hee/h36/8934862684190.jpg|4
ΓΑΡΙΔΕΣ ΝO 3 ΚΑΤΕΨΥΓΜΕΝΕΣ ΤΥΠΟΠΟΙΗΜΕΝΕΣ  ΑΤΛΑΝΤΙΚΟΥ 500 GR|Γαρίδες Ατλαντικού Μέγεθος 3 (FAO 34).|https://www.ab.gr/medias/sys_master/he4/h43/8930569355294.jpg|4
ΘΑΛΑΣΣΙΝΑ ΑΝΑΜΕΙΚΤΑ ΚΑΤΕΨΥΓΜΕΝΑ 500 GR|Ανάμεικτα θαλασσινά. Συρρίκνωση βαθιάς κατάψυξης. Αλιεύθηκε στο νοτιοδυτικό ατλαντικό με τράτα. Τρόπος μαγειρέματος:Στην κατσαρόλα (FAO 41).|https://www.ab.gr/medias/sys_master/h6a/h13/8838204719134.jpg|4
ΚΟΛΟΚΥΘΟΦΤΕΔΕΣ ΚΑΤΕΨΥΓΜΕΝΟΙ 350 GR|Κολοκυθοκεφτέδες.|https://www.ab.gr/medias/sys_master/h60/h98/8836055007262.jpg|4
ΣΑΛΑΤΑ MEXICANA ΚΑΤΕΨΥΓΜΕΝΗ 450 GR|Ο Μπάρμπα Στάθης ετοίμασε για εσάς μοναδικούς συνδυασμούς λαχανικών για το καθημερινό σας γεύμα. Πηγή βιταμίνης C και φολικού οξέος.|https://www.ab.gr/medias/sys_master/h4e/h44/8828878258206.jpg|4
ΣΚΟΡΔΟ ΚΑΤΕΨΥΓΜΕΝO 100 GR|Σκόρδο κατεψυγμένο. Πλένεται, κόβεται και καταψύχεται λίγη ώρα μετά τη συγκομιδή του.|https://www.ab.gr/medias/sys_master/h59/h67/8855733338142.jpg|4
ΒΑΚΑΛΑΟΣ ΑΚΕΦΑΛΟΣ ΚΑΤΕΨΥΓΜΕΝΟΣ ΣΥΣΚΕΥΑΣΜΕΝΟΣ 1.000 GR ΠΕΡΙΠΟΥ|Βακαλάος ακέφαλος μικρός κατεψυγμένος (FAO 34).|https://www.ab.gr/medias/sys_master/hb7/h1f/8930558279710.jpg|4
ΜΠΙΦΤΕΚΙΑ ΓΑΛΟΠΟΥΛΑΣ ΚΑΤΕΨΥΓΜΕΝΑ 420 GR|Χωρίς συντηρητικά. Με εξαιρετικό παρθένο ελαιόλαδο.|https://www.ab.gr/medias/sys_master/h07/h0a/8836000743454.jpg|4
ΠΙΤΤΑ ΚΑΤΕΨΥΓΜΕΝΗ ΣΠΙΤΙΚΗ ΤΥΡΟΠΙΤΑ 850 GR|Κλασικά τετράγωνα κομμάτια με φέτα & κατίκι Δομοκού που περικλείουν όλη τη νοστιμιά μιας αυθεντικής σπιτικής συνταγής!|https://www.ab.gr/medias/sys_master/h7c/h00/8834418638878.jpg|4
ΠΙΤΤΑ ΚΑΤΕΨΥΓΜΕΝΗ ΣΠΙΤΙΚΗ ΧΟΡΤΟΠΙΤΑ 850 GR|Με σπανάκι, αντίδια, πράσο & μυζήθρα και κλασικά τετράγωνα κομμάτια που περικλείουν όλη τη νοστιμιά μιας αυθεντικής σπιτικής συνταγής!|https://www.ab.gr/medias/sys_master/he7/h22/8834419228702.jpg|4
SURIMI ΟΥΡΑ ΑΣΤΑΚΟΥ ΚΑΤΕΨΥΓΜΕΝΟ 255 GR|Σουρίμι με βάση κατεψυγμένη παρασκευή τροφίμων με γεύση αστακού. Ιδανικό προϊόν για σαλάτες. Χαμηλή περιεκτικότητα σε κορεσμένα λιπαρά. Πηγή πρωτεϊνών.|https://www.ab.gr/medias/sys_master/h09/h12/8838398050334.jpg|4
ΓΕΜΙΣΤΑ ΓΕΜΙΣΤΑ ΜΕ ΡΥΖΙ ΜΥΡΩΔΙΚΑ ΚΑΤΕΨΥΓΜΕΝΑ 400 GR|Γεμιστά με ρύζι, αυθεντικές Ελληνικές γεύσεις, έτοιμο μαγειρεμένο φαγητό. Χωρίς συντηρητικά.|https://www.ab.gr/medias/sys_master/h22/h3b/8834397601822.jpg|4
ΗΜΙΕΤΟΙΜΟ ΦΑΓΗΤΟ ΚΑΤΕΨΥΓΜΕΝΟ SPRING ROLLS ΚΑΤΕΨΥΓΜΕΝΑ 350 GR|Τα «Spring Rolls» είναι ένα προϊόν με παγκόσμια αναγνώριση, χαρακτηρίζεται από μοναδικό τρόπο μαγειρέματος φρέσκων λαχνικών ούτως ώστε τα συστατικά να διατηρούνται αναλλοίωτα και το προϊόν να καταλήγει νόστιμο και υγιεινό. Μοναδική λύση στις ποικιλίες, στα cocktail και ως ορεκτικό.|https://www.ab.gr/medias/sys_master/h27/h04/8834733342750.jpg|4
ΓΛΑΥΚΟΣ ΦΕΤΕΣ ΚΑΤΕΨΥΓΜΕΝΟΣ ΣΥΣΚΕΥΑΣΜΕΝΟΣ (FAO 34) 1.000 GR ΠΕΡΙΠΟΥ|Γλαύκος φέτα κατεψυγμένος σε διχτάκι. Αλιευμένο FAO 34.|https://www.ab.gr/medias/sys_master/hd4/h12/8917319942174.jpg|4
ΗΜΙΕΤΟΙΜΟ ΦΑΓΗΤΟ ΚΑΤΕΨΥΓΜΕΝΟ ΑΡΑΚΑΣ ΛΑΔΕΡΟΣ ΛΑΔΕΡΟΣ ΜEΛΙΤΖΑΝΕΣ 1 KGR|Ας απολαύσουμε όλη τη φρεσκάδα των λαχανικών Μπάρμπα Στάθη και …κάτι περισσότερο: Αγαπημένους συνδυασμούς λαχανικών! Κάθε σακουλάκι Ας Μαγειρέψουμε κλείνει μέσα του όλα τα λαχανικά που χρειαζόμαστε, στις σωστές αναλογίες, για να φτιάξουμε ελληνικές, παραδοσιακές συνταγές. Ο αρακάς λαδερός με μελιτζάνες είναι ένας συνδυασμός λαχανικών υψηλής περιεκτικότητας σε βιταμίνη Α.|https://www.ab.gr/medias/sys_master/h1a/h4a/8828926885918.jpg|4
ΠΑΤΑΤΕΣ ΧΩΡΙΑΤΙΚΕΣ ΚΑΤΕΨΥΓΜΕΝΕΣ 1 KGR|Ο Μπάρμπα Στάθης ετοίμαστε για εσάς, ελληνικές πατάτες, πλυμένες και κομμένες, διαθέσιμες ανά πάσα στιγμή στην κατάψυξή σας για τηγάνισμα ή ψήσιμο στο φούρνο.|https://www.ab.gr/medias/sys_master/h86/h51/8828989145118.jpg|4
ΦΥΛΛΟ ΚΑΤΕΨΥΓΜΕΝΟ ΚΡΟΥΣΤΑΣ 450 GR|Φύλλο λεπτό, φτιαγμένο από αλεύρι εξαιρετικής ποιότητας. Ελαστικό και εύπλαστο, μπορεί να πάρει διάφορα σχήματα, ακολουθώντας τη φαντασία σας. Όταν ψήνεται, γίνεται τραγανό και χρυσορόδινο, αναδεικνύοντας με τη διακριτική γεύση του τη νοστιμιά της γέμισης που επιλέξατε να αγκαλιάσει. Χρησιμοποιήστε το τόσο για μαγειρικές όσο και για ζαχαροπλαστικές δημιουργίες.|https://www.ab.gr/medias/sys_master/haf/h3d/8834624225310.jpg|4
ΓΑΥΡΟΣ ΦΙΛΕΤΟ ΚΑΤΕΨΥΓΜΕΝΟΣ 400 GR|ΤΡΑΤΑ  ΓΑΥΡΟΣ ΦΙΛΕΤΟ  400GR|https://www.ab.gr/medias/sys_master/h84/h3f/8923917615134.jpg|4
ΜΠΑΜΙΕΣ ΚΑΤΕΨΥΓΜΕΝΕΣ 450 GR|Μπάμιες. Από τη φύση στην κατάψυξη.|https://www.ab.gr/medias/sys_master/h62/h25/8855716560926.jpg|4
ΜΠΟΥΓΑΤΣΑ ΜΕ ΠΡΑΛΙΝΑ ΦΟΥΝΤΟΥΚΙΟΥ ΚΑΤΕΨΥΓΜΕΝΗ 450 GR||https://www.ab.gr/medias/sys_master/h2e/h94/8936261517342.jpg|4
ΓΑΡΙΔΕΣ ΑΠΟΦΛΟΙΩΜΕΝΕΣ ΚΑΙ ΒΡΑΣΜΕΝΕΣ ΚΑΤΕΨ.ΤΥΠ. ΓΡΟΙΛΑΝΔΙΑΣ 500 GR|Γαρίδες βρασμένες και αποφλοιωμένες.|https://www.ab.gr/medias/sys_master/h12/h7c/8930564505630.jpg|4
ΗΜΙΕΤΟΙΜΟ ΦΑΓΗΤΟ ΚΑΤΕΨΥΓΜΕΝΟ ΜΠΑΜΙΕΣ EXTRA ΛΑΔΕΡΕΣ 1 KGR|Ας απολαύσουμε όλη τη φρεσκάδα των λαχανικών Μπάρμπα Στάθη και …κάτι περισσότερο: Αγαπημένους συνδυασμούς λαχανικών! Κάθε σακουλάκι Ας Μαγειρέψουμε κλείνει μέσα του όλα τα λαχανικά που χρειαζόμαστε, στις σωστές αναλογίες, για να φτιάξουμε ελληνικές, παραδοσιακές συνταγές. Οι μπάμιες λαδερές είναι ένας συνδυασμός λαχανικών πηγής βιταμίνης C.|https://www.ab.gr/medias/sys_master/h5e/hd5/8830095130654.jpg|4
ΚΡΕΜΜΥΔΙ ΚΑΤΕΨΥΓΜΕΝΟ 100 GR|Κρεμμύδι κατεψυγμένο. Πλένεται, κόβεται και καταψύχεται λίγη ώρα μετά τη συγκομιδή του.|https://www.ab.gr/medias/sys_master/h64/heb/8855729012766.jpg|4
ΜΙΝΙ ΠΙΤΑΚΙΑ ΚΑΤΕΨΥΓΜΕΝΑ MINI CALZONE CHEESE DELIGHT 450 GR|Τα Mini Calzone Cheese Delight είναι φτιαγμένα με Ζύμη με προζύμι. Η γέμιση τους από μια ποικιλία από εκλεκτά τυριά, που λιώνουν αργά για να ενωθούν αρμονικά με μια νόστιμη σάλτσα από διαλεχτές ώριμες ντομάτες, θα σας χαρίσει απόλαυση.|https://www.ab.gr/medias/sys_master/h92/h12/8836050485278.jpg|4
ΠΙΤΣΑ ΚΑΤΕΨΥΓΜΕΝΗ QUATTRO FORMAGGI 340GR|ΠΙΤΣΑ RISTORANTE QUATTRO FORMAGGI 340GR|https://www.ab.gr/medias/sys_master/h00/h1e/8936266760222.jpg|4
ΣΟΥΤΖΟΥΚΑΚΙΑ ΚΑΤΕΨΥΓΜΕΝΑ 500 GR ΠΕΡΙΠΟΥ|Χωρίς συντηρητικά. Με εξαιρετικό παρθένο ελαιόλαδο.|https://www.ab.gr/medias/sys_master/h39/h9a/8835996811294.jpg|4
ΦΥΛΛΟ ΚΑΤΕΨΥΓΜΕΝΟ ΚΟΥΡΟΥ 600 GR|Κατεψυγμένη ζύμη κουρού για τάρτες και πίτες.|https://www.ab.gr/medias/sys_master/h02/h14/8836078600222.jpg|4
ΜΠΡΟΚΟΛΟ ΚΑΤΕΨΥΓΜΕΝΟ 600 GR||https://www.ab.gr/medias/sys_master/h93/hd2/8938150658078.jpg|4
ΠΙΤΤΑ ΚΑΤΕΨΥΓΜΕΝΗ ΧΟΡΤΟΠΙΤΑ ΝΗΣΤΗΣΙΜΗ 1100 GR|Παρασκευάζεται με χειροποίητο τρόπο|https://www.ab.gr/medias/sys_master/h68/h27/8925627777054.jpg|4
ΤΡΑΓΑΝΙΣΤΑ ΦΙΛΕΤΑ ΨΑΡΙΟΥ ΚΑΤΕΨΥΓΜΕΝΑ ΤΥΠΟΠΟΙΗΜΕΝΑ  4 ΤΕΜΑΧΙΑ 300 GR|Τραγανιστά φιλέτα από 100% εκλεκτό φιλέτο βακαλάου σε νόστιμο, τραγανιστό πανάρισμα.|https://www.ab.gr/medias/sys_master/hc6/hc7/8829981098014.jpg|4
ΤΥΡΟΠΙΤΑΚΙΑ ΣΦΟΛΙΑΤΑΣ ΚΑΤΕΨΥΓΜΕΝΑ 1 KGR|Τυροπιτάκια σφολιάτας με μυζήθρα και λευκό τυρί.|https://www.ab.gr/medias/sys_master/h34/hef/8847432187934.jpg|4
ΑΓΓΙΝΑΡΕΣ ΠΑΤΟΙ ΚΑΤΕΨΥΓΜΕΝΟΙ 1 KGR|Αγγινάρες πάτοι 5-7 cm Α΄Ποιότητας (1Χ10).|https://www.ab.gr/medias/sys_master/hfd/h42/8828867215390.jpg|4
ΚΑΛΑΜΠΟΚΙ ΚΑΤΕΨΥΓΜΕΝΟ 450 GR|Καλαμπόκι. Από τη φύση στην κατάψυξη.|https://www.ab.gr/medias/sys_master/ha3/hc7/8834781904926.jpg|4
ΜΠΟΥΓΑΤΣΑ ΘΕΣΣΑΛΟΝΙΚΗΣ ΜΕ ΚΡΕΜΑ ΚΑΤΕΨΥΓΜΕΝΗ 800 GR|Αυθεντική μπουγάτσα με καταγωγή, ξεχωρίζει για το λεπτό και τραγανό της φύλλο. Απολαύστε την γλυκιά ή αλμυρή! Διατίθεται σε συσκευασία-ταψάκι για εύκολο, υγιεινό και τέλειο ψήσιμο (πάνω-κάτω).|https://www.ab.gr/medias/sys_master/h73/h8b/8836000153630.jpg|4
ΠΕΡΚΑ ΦΙΛΕΤΟ ΚΑΤΕΨΥΓΜΕΝΗ ΣΥΣΚΕΥΑΣΜΕΝΗ 700 GR|Η πέρκα της εταιρείας Καλλιμάνης δεν έχει πρόσθετα ή συντηρητικά, εξασφαλίζοντας όλη τη φρεσκάδα και τη θρεπτική αξία της θάλασσας. Η χορταστική της σάρκα σε συνδυασμό με τα χαμηλά λιπαρά της, την κάνει ιδιαίτερα αγαπητή σε όσους ακολουθούν έναν σωστό τρόπο διατροφής.|https://www.ab.gr/medias/sys_master/h53/h47/8834776596510.jpg|4
ΣΠΑΝΑΚΟΠΙΤΑ ΚΑΤΕΨΥΓΜΕΝΗ 900 GR|Με φύλλα ανοιγμένα στο χέρι. Η νέα χωριάτικη σπανακόπιτα Σαρόγλου ήρθε για να σας θυμίσει τη γεύση της παράδοσης.|https://www.ab.gr/medias/sys_master/h12/hf1/8836061298718.jpg|4
ΧΩΡΙΑΤΙΚΑ ΦΥΛΛΑ 600 GR||https://www.ab.gr/medias/sys_master/h2e/h0d/8930712223774.jpg|4
ΚΑΛΑΜΑΡΙΑ ΚΑΤΕΨΥΓΜΕΝΑ 850 GR||https://www.ab.gr/medias/sys_master/h05/h24/8936721088542.jpg|4
ΠΙΤΣΑ ROCK N ROLL ΚΑΤΕΨΥΓΜΕΝΗ 1.380 GR|Πίτσα Rock n Roll. Δεν χρειάζεται απόψυξη.|https://www.ab.gr/medias/sys_master/hdf/h75/8834759491614.jpg|4
ΗΜΙΕΤΟΙΜΟ ΦΑΓΗΤΟ ΚΑΤΕΨΥΓΜΕΝΟ ΡΥΖΙ MEXICANA 600 GR|Ο Μπαρμπα Στάθης ετοίμασε για εσάς 4 πεντανόστιμους συνδυασμούς ρυζιού με λαχανικά, ιδανικοί ως συνοδευτικό με κρέας ή ψάρι, αλλά και ως κυρίως γεύμα. Το ρύζι Mexicana είναι πηγή βιταμίνης C.|https://www.ab.gr/medias/sys_master/h81/h57/8829039312926.jpg|4
ΚΟΤΟΠΟΥΛΟ ΜΠΟΥΤΙ ΔΑΝΙΑΣ ΚΑΤΕΨΓΜΕΝΟ 1,5 KG|Είναι πλούσια πηγή πρωτεϊνών, οι οποίες προσφέρουν στον οργανισμό τα απαραίτητα αμινοξέα. Κατέχει σημαντική θέση στο διαιτολόγιό μας γιατί έχει υψηλή διατροφική αξία ενώ παράλληλα δεν επιβαρύνει τον οργανισμό με περιττές θερμίδες λόγω της χαμηλής περιεκτικότητάς του σε λιπαρά. Επίσης είναι φτωχό σε κορεσμένα λιπαρά οξέα, τα οποία αυξάνουν τη χοληστερίνη. Μια μικρή μερίδα εξασφαλίζει μέχρι και το 30% της απαιτούμενης καθημερινής ποσότητας ψευδαργύρου καθώς και το 10-20% της απαιτούμενης ημερήσιας ποσότητας σιδήρου που χρειάζεται ο οργανισμός. Αποτελεί καλή πηγή φωσφόρου και πάρα πολύ καλή πηγή νιασίνης, βιταμίνης Β6 και σεληνίου.|https://www.ab.gr/medias/sys_master/h64/hcb/8854722969630.jpg|4
ΛΟΥΚΑΝΙΚΟΠΙΤΑΚΙΑ ΚΑΤΕΨΥΓΜΕΝΑ 1 KGR|Πιτάκια με ζύμη σφολιάτας με λουκάνικο. Προϊόν βαθειάς κατάψυξης.|https://www.ab.gr/medias/sys_master/h31/h87/8847099920414.jpg|4
ΜΠΑΜΙΕΣ ΚΑΤΕΨΥΓΜΕΝΕΣ 1 KGR|Μπάμιες. Από τη φύση στην κατάψυξη.|https://www.ab.gr/medias/sys_master/h4a/hda/8855713611806.jpg|4
ΜΠΑΜΙΕΣ ΡΟΔΟΠΗΣ 450 GR|Νόστιμες μπάμιες, από την εύφορη γη της Ροδόπης, ένα βασικό συστατικό της Μεσογειακής διατροφής. Η ΆλφαΒήτα κοντά στην ελληνική γη.|https://www.ab.gr/medias/sys_master/h2e/hd0/8834399174686.jpg|4
ΜΠΟΥΓΑΤΣΑ ΜΕ ΣΠΑΝΑΚΙ ΚΑΙ ΤΥΡΙ ΚΑΤΕΨΥΓΜΕΝΗ 850 GR|Αυθεντική μπουγάτσα με καταγωγή, ξεχωρίζει για το λεπτό και τραγανό της φύλλο. Απολαύστε την γλυκιά ή αλμυρή! Διατίθεται σε συσκευασία-ταψάκι για εύκολο, υγιεινό και τέλειο ψήσιμο (πάνω-κάτω). Γέμιση: Σπανάκι - τυρί.|https://www.ab.gr/medias/sys_master/h3d/h8a/8836115759134.jpg|4
ΠΑΤΑΤΕΣ GOLDEN LONG ΚΑΤΕΨΥΓΜΕΝΕΣ 1 KGR|Μακριές, λεπτές, χρυσαφένιες πατάτες, πολύ τραγανές!|https://www.ab.gr/medias/sys_master/h1d/h8e/8930590457886.jpg|4
ΒΑΚΑΛΑΟΣ ΡΟΛΟ ΦΙΛΕΤΟ ΚΑΤΕΨΥΓΜΕΝΟΣ ΣΥΣΚΕΥΑΣΜΕΝΟΣ 800 GR|Ο βακαλάος της εταιρείας Καλλιμάνης καταψύχεται επάνω στο πλοίο τη στιγμή που αλιεύεται, διατηρώντας αναλλοίωτη τη φυσική του φρεσκάδα, τη γεύση του κι όλα τα θρεπτικά του συστατικά. Η μορφή του σε ρολό ενδείκνυται για ελαφριές συνταγές στον φούρνο ή στον ατμό αλλά και για παιδικά γεύματα αφού δεν περιέχει πρόσθετα ή συντηρητικά.|https://www.ab.gr/medias/sys_master/h32/hbc/8829883973662.jpg|4
ΓΑΛΛΙΚΗ ΣΦΟΛΙΑΤΑ ΚΑΤΕΨΥΓΜΕΝΗ 800 GR|Η Σφολιάτα είναι μια ειδικά σχεδιασμένη αφράτη ζύμη, φτιαγμένη από εκλεκτό αλεύρι και φυτικά λιπαρά, που, όταν ψήνεται, φουσκώνει, σχηματίζοντας στρώσεις από πολλά λεπτά φύλλα. Είναι κατάλληλη για αλμυρές και γλυκές πίτες, αλλά και για αφράτες τάρτες, αλμυρές και γλυκές, για κρουασάν, κορνέ, στρούντελ, μιλφέιγ και για τις δικές σας μαγειρικές και ζαχαροπλαστικές δημιουργίες.|https://www.ab.gr/medias/sys_master/h52/h06/8834618130462.jpg|4
ΗΜΙΕΤΟΙΜΟ ΦΑΓΗΤΟ ΚΑΤΕΨΥΓΜΕΝΟ ΑΡΑΚΑΣ ΑΓKΙΝΑΡΕΣ 1 KGR|Αρακάς με αγκινάρες. Συνταγές με λαχανικά. Έτοιμο για μαγείρεμα.|https://www.ab.gr/medias/sys_master/h3a/h4c/8828944711710.jpg|4
ΚΙΧΙ ΠΙΤΤΑ ΜΕ ΠΡΑΣΟ ΤΑΨΙ ΚΑΤΕΨΥΓΜΕΝΟ 800 GR|Παραδοσιακή κοζανίτικη πίτα, με όνομα και γεύση. Απολαύστε την αυθεντική στριφτή πίτα από τα «ζυμώματα» των παλιών καλών νοικοκυρών της Κοζάνης. Με τραγανό, χωριάτικο φύλλο, ζυμωμένο με παρθένο ελαιόλαδο και γέμιση από αγνά, εκλεκτά υλικά! Διατίθεται σε συσκευασία-ταψάκι για εύκολο, υγιεινό και τέλειο ψήσιμο (πάνω-κάτω). Γέμιση: Πράσο - Τυρί.|https://www.ab.gr/medias/sys_master/h7a/h69/8835919347742.jpg|4
ΠΑΣΤΙΤΣΙΟ ΚΑΤΕΨΥΓΜΕΝΟ 400 GR|Παστίτσιο, αυθεντικές Ελληνικές γεύσεις, έτοιμο μαγειρεμένο φαγητό. Χωρίς συντηρητικά.|https://www.ab.gr/medias/sys_master/ha7/h6c/8861569187870.jpg|4
ΠΕΙΝΙΡΛΙ ΚΑΤΕΨΥΓΜΕΝΟ ΚΑΣΕΡΙ & ΚΕΦΑΛΟΤΥΡΙ 650GR|ΧΡΥΣΗ ΖΥΜΗ  ΠΕΙΝΙΡΛΙ ΚΑΤΕΨΥΓΜΕΝΟ ΠΕΙΝΙΡΛΙ ΚΑΣΕΡΙ ΚΕΦΑΛΟΤΥΡΙ|https://www.ab.gr/medias/sys_master/ha0/h23/8936556625950.jpg|4
ΠΙΤΣΑ PROSCIUTTO ΚΑΤΕΨΥΓΜΕΝΗ 2 X 330 GR|Η τραγανή και λεπτή ζύμη και η πλούσια επίστρωση από επιλεγμένα συστατικά κάνουν την πίτσα Dr. Oetker Ristorante Prosciutto ακαταμάχητη για όσους αρέσει η γνήσια ιταλική πιτσαρία. Η πίτσα Dr. Oetker Ristorante Prosciutto περιέχει σάλτσα από ώριμες τομάτες, λαχταριστό προσούτο, έναν υπέροχο γευστικό συνδυασμό από μοτσαρέλα και Edam και επιλεγμένα μπαχαρικά. Σε διπλή συσκευασία. Τώρα ακόμα πιο νόστιμο!|https://www.ab.gr/medias/sys_master/h3f/h43/8917288812574.jpg|4
ΤΡΙΓΩΝΑ ΣΠΙΤΙΚΑ ΜΕ ΚΡΕΜΑ ΚΑΤΕΨΥΓΜΕΝΑ 750 GR|Αυθεντικά τρίγωνα πιτάκια, ζυμωμένα με εξαιρετικό παρθένο ελαιόλαδο, πάντα τραγανά με ζεστό χρυσορόδινο χρώμα και υπέροχη γεύση!|https://www.ab.gr/medias/sys_master/h4f/hc8/8835935076382.jpg|4
ΤΥΡΟΠΙΤΑ ΣΤΡΙΦΤΗ ΚΑΤΕΨΥΓΜΕΝΗ 400 GR|Φτιαγμένη με χοντρό φύλλο ζυμωμένο με ελαιόλαδο που όταν ψήνεται γίνεται απολαυστικά τραγανό και πλούσια γέμιση από μυζήθρα και φέτα, μπορεί να συμπληρώσει το τραπέζι σας ή να γίνει από μόνη της ένα κυρίως γεύμα. Σε ταψάκι για εύκολο και γρήγορο ψήσιμο.|https://www.ab.gr/medias/sys_master/h12/h3c/8834364964894.jpg|4
ΤΥΡΟΠΙΤΑ ΧΩΡΙΑΤΙΚΗ ΚΑΤΕΨΥΓΜΕΝΗ 850 GR|KANAKI  ΚΑΤΕΨΥΓΜΕΝΕΣ ΠΙΤΕΣ ΧΩΡΙΑΤΙΚΗ ΤΥΡΟΠΙΤΑ 850G|https://www.ab.gr/medias/sys_master/h62/h7a/8854711959582.jpg|4
ΗΜΙΕΤΟΙΜΟ ΦΑΓΗΤΟ ΚΑΤΕΨΥΓΜΕΝΟ ΑΓΚΙΝΑΡΕΣ ΑΛΑ ΠΟΛΙΤΑ 1,2 KGR|Ας απολαύσουμε όλη τη φρεσκάδα των λαχανικών Μπάρμπα Στάθη και …κάτι περισσότερο: Αγαπημένους συνδυασμούς λαχανικών! Κάθε σακουλάκι Ας Μαγειρέψουμε κλείνει μέσα του όλα τα λαχανικά που χρειαζόμαστε, στις σωστές αναλογίες, για να φτιάξουμε ελληνικές, παραδοσιακές συνταγές. Οι αγκινάρες αλά πολίτα είναι ένας συνδυασμός λαχανικών υψηλής περιεκτικότητας σε βιταμίνη Α.|https://www.ab.gr/medias/sys_master/hfb/h8a/8834715254814.jpg|4
ΠΑΤΑΤΕΣ ALUMMETTES 1 KGR|Λεπτές προτηγανισμένες και κατεψυγμένες πατάτες από την 365.|https://www.ab.gr/medias/sys_master/he1/he0/8841156722718.jpg|4
ΠΑΤΑΤΕΣ ΣΤΡΟΓΓΥΛΕΣ ΚΑΤΕΨΥΓΜΕΝΕΣ 1 KGR|Ο Μπάρμπα Στάθης ετοίμαστε για εσάς, ελληνικές πατάτες, πλυμένες και κομμένες, διαθέσιμες ανά πάσα στιγμή στην κατάψυξή σας για τηγάνισμα ή ψήσιμο στο φούρνο.|https://www.ab.gr/medias/sys_master/h4d/h49/8828920168478.jpg|4
ΞΙΦΙΑΣ ΦΕΤΑ ΚΑΤΕΨΥΓΜΕΝΟΣ ΣΥΣΚΕΥΑΣΜΕΝΟΣ 1 KGR ΠΕΡΙΠΟΥ|Ξιφίας φέτα κατεψυγμένος (FAO 87).|https://www.ab.gr/medias/sys_master/h78/h42/8917311488030.jpg|4
ΠΑΤΑΤΕΣ TRADITION ΚΑΤΕΨΥΓΜΕΝΕΣ 1 KGR|Παραδοσιακές, σπιτικές πατάτες σε κλασσικό κόψιμο.|https://www.ab.gr/medias/sys_master/hff/h00/8854803185694.jpg|4
ΗΜΙΕΤΟΙΜΟ ΦΑΓΗΤΟ ΚΑΤΕΨΥΓΜΕΝΟ ΑΡΑΚΑΣ ΜΕ ΑΓΓΙΝΑΡΕΣ 1,2 KGR|Ας απολαύσουμε όλη τη φρεσκάδα των λαχανικών Μπάρμπα Στάθη και …κάτι περισσότερο: Αγαπημένους συνδυασμούς λαχανικών! Κάθε σακουλάκι Ας Μαγειρέψουμε κλείνει μέσα του όλα τα λαχανικά που χρειαζόμαστε, στις σωστές αναλογίες, για να φτιάξουμε ελληνικές, παραδοσιακές συνταγές. Ο αρακάς με αγκινάρες είναι ένας συνδυασμός λαχανικών υψηλής περιεκτκότητας σε βιταμίνη Α.|https://www.ab.gr/medias/sys_master/h2d/h2f/8834730983454.jpg|4
ΘΡΑΨΑΛΑ ΡΟΔΕΛΑ ΚΑΤΕΨΥΓΜΕΝΑ ΤΥΠΟΠΟΙΗΜΕΝΑ ΝΕΑΣ ΖΗΛΑΝΔΙΑΣ 1 KGR|Θράψαλα ροδέλα Νέας Ζηλανδίας συσκευασμένα. Αλιεύτηκε με τράτα (FAO 81).|https://www.ab.gr/medias/sys_master/h89/h3a/8828796305438.jpg|4
ΚΡΟΚΕΤΕΣ ΨΑΡΙΩΝ ΚΑΤΕΨΥΓΜΕΝΕΣ 10 ΤΕΜΑΧΙΑ 300 GR|Tα Fish Sticks της εταιρείας Καλλιμάνης δεν έχουν πρόσθετα ή συντηρητικά, αποτελώντας έτσι μία νόστιμη λύση για να απολαμβάνουν τα παιδιά πιο συχνά θρεπτικό ψάρι. Προέρχονται από ολόκληρα, αγνά φιλέτα βακαλάου, Alaska Pollock, ενώ το πανάρισμα τους είναι νόστιμο, τραγανό και 100% φυσικό αφού δεν περιέχει πρόσθετα και συντηρητικά.|https://www.ab.gr/medias/sys_master/h40/hc4/8836011753502.jpg|4
ΠΙΤΤΑ ΚΑΤΕΨΥΓΜΕΝΗ ΜΑΚΕΔΟΝΙΚΟ ΣΤΡΙΦΤΑΡΙ ΤΥΡΙ 850 GR|Ξεχωριστό στριφτό σχήμα που κλείνει μέσα του όλη τη γεύση και το άρωμα μιας αυθεντικής, σπιτικής δημιουργίας!|https://www.ab.gr/medias/sys_master/h8a/hd6/8834357297182.jpg|4
ΣΟΥΠΙΑ ΚΑΘΑΡΙΣΜΕΝΗ ΚΑΤΕΨΥΓΜΕΝΗ ΣΥΣΚΕΥΑΣΜΕΝΗ 1 KGR ΠΕΡΙΠΟΥ|Σουπιές καθαρισμένες Ινδίας σε δίχτυ. (FAO 51).|https://www.ab.gr/medias/sys_master/h57/hb5/8917295104030.jpg|4
ΣΟΥΠΙΑ ΦΙΛΕΤΟ ΤΕΜΑΧΙΣΜΕΝΗ ΚΑΤΕΨΥΓΜΕΝΗ ΣΥΣΚΕΥΑΣΜΕΝΗ 1 KGR|Σουπιά φιλέτο τεμαχισμένη και κατεψυγμένη (FAO 51).|https://www.ab.gr/medias/sys_master/h55/h3b/8828802990110.jpg|4
ΓΑΡΙΔΕΣ ΝO 2 ΚΑΤΕΨΥΓΜΕΝΕΣ ΤΥΠΟΠΟΙΗΜΕΝΕΣ  ΑΤΛΑΝΤΙΚΟΥ 500 GR|Γαρίδες Ατλαντικού Μέγεθος 2 (FAO 34).|https://www.ab.gr/medias/sys_master/h7a/hba/8930570928158.jpg|4
ΕΤΟΙΜΗ ΠΙΤΣΑ ΚΑΤΕΨΥΓΜΕΝΗ ΜΑΡΓΑΡΙΤΑ 900 GR|Πίτσα μαργαρίτα ψημένη σε φούρνο με πέτρα, από την 365.|https://www.ab.gr/medias/sys_master/h6e/h89/8840194687006.jpg|4
ΗΜΙΕΤΟΙΜΟ ΦΑΓΗΤΟ ΚΑΤΕΨΥΓΜΕΝΟ ΑΓKΙΝΑΡΕΣ ΑΛΑ ΠΟΛΙΤΑ 1 KGR|Αγκινάρες αλά πολίτα. Συνταγές με λαχανικά. Έτοιμο για μαγείρεμα.|https://www.ab.gr/medias/sys_master/h6c/h4c/8828946350110.jpg|4
ΚΡΕΜΜΥΔΑΚΙΑ ΣΤΡΟΓΓΥΛΑ ΚΑΤΕΨΥΓΜΕΝΑ 750 GR|Ο Μπάρμπα Στάθης, σύμμαχος της Ελληνίδας νοικοκυράς για περισσότερα από 40 χρόνια, είναι δίπλα της στον αγώνα για τη θρέψη της οικογένειας, με λαχανικά που συλλέγονται την ιδανική στιγμή της ωρίμανσής τους και καταψύχονται άμεσα, σφραγίζοντας όλη τη φρεσκάδα, τις βιταμίνες και τη γεύση τους, τόσο φρέσκα όσο τη στιγμή που κόπηκαν.|https://www.ab.gr/medias/sys_master/h90/h4a/8828930752542.jpg|4
ΠΑΤΑΤΕΣ KID SMILE ΚΑΤΕΨΥΓΜΕΝΕΣ 600 GR|Λαχταριστές φατσούλες από πουρέ πατάτας, εξαιρετικά τραγανές. Ιδανικές για κάθε παιδικό γεύμα!|https://www.ab.gr/medias/sys_master/h98/ha9/8930591375390.jpg|4
ΠΙΤΣΑ ΑΤΟΜΙΚΗ MAC SPECIAL ΚΑΤΕΨΥΓΜΕΝΗ 4 Χ 130 GR|Μοναδική γεύση με λεπτή και αφράτη ζύμη, ζυμωμένη με εξαιρετικό παρθένο ελαιόλαδο και προζύμι και πλούσια αγνά υλικά!|https://www.ab.gr/medias/sys_master/he6/h8d/8838627360798.jpg|4
ΒΑΣΗ ΠΙΤΣΑΣ ΚΑΤΕΨΥΓΜΕΝΗ 660 GR|Είναι φτιαγμένες με Ζύμη με προζύμι δουλεμένη με ελαιόλαδο για πιο πλούσια γεύση. Ελαφρά ψημένες, είναι έτοιμες να υποδεχθούν τα υλικά που θα επιλέξετε για να φτιάξετε την πίτσα σας, όπως ακριβώς σας αρέσει! Όταν ψήνονται γίνονται αφράτες και απολαυστικές αναδεικνύοντας τη νοστιμιά των υλικών που χρησιμοποιήσατε.|https://www.ab.gr/medias/sys_master/he7/hf5/8834638577694.jpg|4
ΚΡΟΚΕΤΕΣ ΨΑΡΙΩΝ ΚΑΤΕΨΥΓΜΕΝΕΣ 300 GR|Οι ψαρομπουκιές είναι φυσική πηγή σεληνίου. Το σελήνιο είναι ένα ιχνοστοιχείο που βρίσκεται εκ φύσεως στα ψάρια και συνεισφέρει στη φυσιολογική λειτουργία του ανοσοποιητικού συστήματος.|https://www.ab.gr/medias/sys_master/h5a/hc7/8829977559070.jpg|4
ΣΦΟΛΙΑΤΑΚΙΑ ΣΤΡΟΓΓΥΛΑ ΚΑΤΕΨΥΓΜΕΝΑ 450 GR|20 Στρογγυλά τεμάχια σφολιάτας, μιας ειδικά σχεδιασμένης αφράτης ζύμης, φτιαγμένης από εκλεκτό αλεύρι και φυτικά λιπαρά που όταν ψήνεται φουσκώνει σχηματίζοντας στρώσεις από πολλά λεπτά φύλλα. Είναι κατάλληλα για αλμυρά και γλυκά πιτάκια αλλά και για αφράτα βολ-ο-βαν, αλμυρά και γλυκά, για ατομικά κρουασάν, κορνέ, μιλφέιγ και για τις δικές σας μαγειρικές και ζαχαροπλαστικές δημιουργίες.|https://www.ab.gr/medias/sys_master/hcd/he0/8834640740382.jpg|4
ΤΥΡΟΠΙΤΑΚΙΑ 4 ΤΥΡΙΑ ΚΑΤΕΨΥΓΜΕΝΑ 750 GR|Πιτάκια με ζύμη σφολιάτας και γέμιση με 4 τυριά (γκούντα, τσένταρ, μπλέ τυρί και κασέρι). Προϊόν βαθειάς κατάψυξης.|https://www.ab.gr/medias/sys_master/h5d/h70/8847118204958.jpg|4
ΦΑΛΑΦΕΛ ΜΙΝΙ ΚΑΤΕΨΥΓΜΕΝΑ 500 GR||https://www.ab.gr/medias/sys_master/h74/he6/8941209026590.jpg|4
ΦΑΣΟΛΑΚΙΑ ΣΤΡΟΓΓΥΛΑ ΚΑΤΕΨΥΓΜΕΝΑ 450 GR|Φασολάκι στρογγυλο. Από τη φύση στην κατάψυξη.|https://www.ab.gr/medias/sys_master/hf4/h43/8828875309086.jpg|4
ΖΥΜΗ ΚΑΤΕΨΥΓΜΕΝΗ ΚΟΥΡΟΥ 700 GR||https://www.ab.gr/medias/sys_master/h1f/h71/8936251293726.jpg|4
ΜΟΥΣΑΚΑΣ ΚΑΤΕΨΥΓΜΕΝΟΣ 400 GR|Μουσακάς, αυθεντικές Ελληνικές γεύσεις, έτοιμο μαγειρεμένο φαγητό. Χωρίς συντηρητικά.|https://www.ab.gr/medias/sys_master/h1f/ha9/8861570170910.jpg|4
SURIMI ΜΠΑΣΤΟΥΝΑΚΙΑ 180 GR|KRETORRE  SURIMI ΚΑΒΟΥΡΙ STICK 180GR|https://www.ab.gr/medias/sys_master/h78/hbb/8934409371678.jpg|4
ΜΙΝΙ ΠΙΤΑΚΙΑ ΚΑΤΕΨΥΓΜΕΝΑ MINI CALZONE CLASSIC 450 GR|Φτιαγμένα με τη νέα Ζύμη με προζύμι ΚΑΝΑΚΙ, φυλακίζουν όλη τη γεύση μιας πίτσας σε μία μπουκιά! Τα Mini Calzone Classic είναι φτιαγμένα από μια ποικιλία από εκλεκτά τυριά και νόστιμο καπνιστό φιλέτο που δένουν αρμονικά με μια σάλτσα από διαλεχτές ώριμες ντομάτες και να σας χαρίσουν απόλαυση.|https://www.ab.gr/medias/sys_master/h7a/h62/8836064247838.jpg|4
ΠΙΤTΑ ΧΩΡΙΑΤΙΚΗ ΜΕΣΟΓΕΙΑΚΗ ΚΑΤΕΨΥΓΜΕΝΗ 400 GR|Φτιαγμένη με χοντρό φύλλο ζυμωμένο με ελαιόλαδο που όταν ψήνεται γίνεται απολαυστικά τραγανό και πλούσια γέμιση από πεντανόστιμη φέτα και μυζήθρα, λιαστές ντομάτες και ψητές κόκκινες πιπεριές, μπορεί να συμπληρώσει το τραπέζι σας ή να γίνει από μόνη της ένα κυρίως γεύμα. Σε ταψάκι για εύκολο και γρήγορο ψήσιμο.|https://www.ab.gr/medias/sys_master/h71/hb5/8835977740318.jpg|4
ΠΙΤΣΑ BARBEQUE ΚΑΤΕΨΥΓΜΕΝΗ 1,080 GR||https://www.ab.gr/medias/sys_master/hf4/h80/8930717728798.jpg|4
ΦΥΛΛΟ ΚΑΤΕΨΥΓΜΕΝΟ ΣΦΟΛΙΑΤΑΣ 800 GR|ALFA  ΦΥΛΛΟ ΚΑΤΕΨΥΓΜΕΝΟ ΣΦΟΛΙΑΤΑ 800ΓΡ|https://www.ab.gr/medias/sys_master/h5c/h29/8936264269854.jpg|4
ΚΑΛΑΜΑΡΙ ΟΛΟΚΛΗΡΟ ΚΑΤΕΨΥΓΜΕΝΟ ΣΥΣΚΕΥΑΣΜΕΝΟ 700 GR|Το ολόκληρο καλαμάρι της εταιρείας Καλλιμάνης  δεν έχει πρόσθετα ή συντηρητικά, διατηρώντας όλη τη φρεσκάδα και τη θρεπτική αξία της θάλασσας.|https://www.ab.gr/medias/sys_master/h1d/he2/8838739623966.jpg|4
ΛΟΥΚΑΝΟΠΙΤΑΚΙΑ ΚΟΥΡΟΥ ΚΑΤΕΨΥΓΜΕΝΑ 1 KGR|Λουκανικοπιτάκια κουρού με λουκάνικο πιροσκί.|https://www.ab.gr/medias/sys_master/h00/h87/8847401713694.jpg|4
ΜΥΔΙΑ ΚΑΤΕΨΥΓΜΕΝΑ ΨΙΧΑ 425 GR||https://www.ab.gr/medias/sys_master/hd4/h4f/8936720171038.jpg|4
ΠΑΓΚΑΣΙΟΥΣ ΚΑΤΕΨΥΓΜΕΝΟ ΣΥΣΚΕΥΑΣΜΕΝΟ 850 GR|Κατεψυγμένο φιλέτο Παγκάσιους. Υδατοκαλλιέργειας Βιετνάμ.|https://www.ab.gr/medias/sys_master/h30/h86/8836128145438.jpg|4
ΦΥΛΛΟ ΚΑΤΕΨΥΓΜΕΝΟ ΠΙΤΣΑΣ ΑΠΟ ΣΠΙΤΙ 600 GR|ALFA  ΦΥΛΛΟ  600 ΓΡ|https://www.ab.gr/medias/sys_master/hfe/h66/8936291270686.jpg|4
ΧΩΡΙΑΤΙΚΟ ΦΥΛΛΟ ΚΑΤΕΨΥΓΜΕΝΟ 700 GR|ΧΡΥΣΗ ΖΥΜΗ  Φύλλα-Ζύμες|https://www.ab.gr/medias/sys_master/h02/h9d/8936278818846.jpg|4
ΜΠΑΡΜΠΟΥΝΙ ΣΕ ΔΙΧΤΥ ΚΑΤΕΨΥΓΜΕΝΟ ΣΥΣΚΕΥΑΣΜΕΝΟ 1.000 GR ΠΕΡΙΠΟΥ|Μπαρμπούνια Σενεγάλης σε δίχτυ κατεψυγμένα (FAO 34).|https://www.ab.gr/medias/sys_master/hdc/hbd/8829897932830.jpg|4
ΣΠΑΝΑΚΟΠΙΤΑ ΤΑΨΙΟΥ ΚΑΤΕΨΥΓΜΕΝΗ 1 KGR|Σπανακόπιτα με χωριάτικο φύλλο και φρέσκο σπανάκι.|https://www.ab.gr/medias/sys_master/hbb/ha2/8911762325534.jpg|4
ΦΑΣΟΛΑΚΙΑ ΠΛΑΤΙΑ ΚΑΤΕΨΥΓΜΕΝΑ 450 GR|Φασολάκια πλατιά. Από τη φύση στην κατάψυξη.|https://www.ab.gr/medias/sys_master/h65/h0a/8855737073694.jpg|4
ΦΥΛΛΟ ΚΑΤΕΨΥΓΜΕΝΟ ΧΩΡΙΑΤΙΚΟ ΚΟΥΤΙ 500 GR|Χωριάτικο φύλλο ζυμωμένο με χοντρό αλεύρι και νερό, σύμφωνα με τον παραδοσιακό τρόπο. Ανθεκτικό και πλούσιο σε γεύση και άρωμα, είναι ιδανικό για πίτες, αλλά μπορείτε να το αξιοποιήσετε για κάθε μαγειρική σας έμπνευση.|https://www.ab.gr/medias/sys_master/ha0/ha8/8834294186014.jpg|4
ΚΑΡΑΒΙΔΟΟΥΡΕΣ ΚΑΤΕΨΥΓΜΕΝΕΣ 500 GR|Η καραβίδα είνα ένα μακρινό ξαδελφάκι της γαρίδας και το μέγεθός της ποικίλει από 10 έως 18 εκατοστά. Μοιάζει οπτικά με έναν μικρό αστακό, ενώ τα αρσενικά είναι πιο μεγαλόσωμα από τα θηλυκά. Το κρέας της τρώγεται αλλά μπορεί να χρησιμοποιηθεί και ως δόλωμα. η θαλλασινή καραβίδα γευστικά είναι πολύ ανώτερη από την καραβίδα του γλυκού νερού ενώ στην Ελλάδα απαντώνται δύο είδη στα γλυκά νερά, που διαφέρουν μεταξύ τους.|https://www.ab.gr/medias/sys_master/hac/h7f/8835845554206.jpg|4
ΜΠΟΥΓΑΤΣΑΚΙΑ ΚΑΤΕΨΥΓΜΕΝΑ 750 GR|Κατεψυγμένα γλυκά μπουγατσάκια.|https://www.ab.gr/medias/sys_master/h59/he3/8835911876638.jpg|4
ΠΙΤΣΑ ΖΑΜΠΟΝ ΜΑΝΙΤΑΡΙΑ ΚΑΤΕΨΥΓΜΕΝΗ 425 GR|Υπέροχος συνδυασμός! Λαχταριστά μανιτάρια, τυρί και ζαμπόν. Η λεπτή και τραγανή ζύμη και η πλούσια επίστρωση από νόστιμα και καλοδιαλεγμένα υλικά κάνουν την πίτσα Dr. Oetker Guseppe Ham & Mushroom ακαταμάχητη για όσους λατρεύουν την γνήσια ιταλική πιτσαρία.|https://www.ab.gr/medias/sys_master/hbd/hd1/8917298511902.jpg|4
ΠΙΤΣΑ ΚΑΤΕΨΥΓΜΕΝΗ FORMAGΙ POMODORI 355 GR||https://www.ab.gr/medias/sys_master/h44/hca/8936268333086.jpg|4
ΠΙΤΣΑ ΣΑΛΑΜΙ ΚΑΙ ΠΕΣΤΟ ΚΑΤΕΨΥΓΜΕΝΗ 360 GR|Νέα πίτσα Ristorante Salame Mozzarella Pesto: ακαταμάχητη απόλαυση στα ιταλικά εθνικά χρώματα. Λεπτή και τραγανή ζήμη με πικάντικες φέτες σαλάμι, τυρί μοτσαρέλα και αρωματική σάλτσα πέστο προσφέρουν ασύγκριτη γεύση. Απολαύστε ένα κομμάτι της Ιταλίας.|https://www.ab.gr/medias/sys_master/h45/h92/8834665709598.jpg|4
PANCAKES ΚΑΤΕΨΥΓΜΕΝΑ 400 GR||https://www.ab.gr/medias/sys_master/ha7/h56/8930192359454.jpg|4
ΓΑΡΙΔΕΣ ΚΑΤΕΨΥΓΜΕΝΕΣ ΝO 0 ΤΥΠΟΠΟΙΗΜΕΝΕΣ ΑΤΛΑΝΤΙΚΟΥ 500ΓΡ|Γαρίδες Ατλαντικού Μέγεθος 0 (FAO 34).|https://www.ab.gr/medias/sys_master/h41/h00/8930581938206.jpg|4
ΓΑΡΙΔΕΣ ΝO 1 ΚΑΤΕΨΥΓΜΕΝΕΣ ΤΥΠΟΠΟΙΗΜΕΝΕΣ  ΑΤΛΑΝΤΙΚΟΥ 500 GR|Γαρίδες Ατλαντικού Μέγεθος 1 (FAO 34).|https://www.ab.gr/medias/sys_master/hba/h0a/8930583511070.jpg|4
ΛΟΥΚΑΝΟΠΙΤΑΚΙΑ ΚΑΤΕΨΥΓΜΕΝΑ 750 GR||https://www.ab.gr/medias/sys_master/haa/h37/8936558788638.jpg|4
ΠΕΙΝΙΡΛΙ ΚΑΤΕΨΥΓΜΕΝΟ ΜΙΝΙ ΚΑΣΕΡΙ 650 GR|Μικρά παραδοσιακά και χειροποίητα πεϊνρλί με κασέρι.|https://www.ab.gr/medias/sys_master/h7a/h61/8838555729950.jpg|4
ΣΠΑΝΑΚΟΠΙΤΑΚΙΑ ΚΑΤΕΨΥΓΜΕΝΑ 750 GR|Πιτάκια με ζύμη σφολιάτας και γέμιση με σπανάκι, μυζήθρα και άνηθο. Προϊόν βαθειάς κατάψυξης.|https://www.ab.gr/medias/sys_master/h43/h16/8847130591262.jpg|4
ΤΟΜΑΤΟΚΕΦΤΕΔΕΣ ΚΑΤΕΨΥΓΜΕΝΟΙ 350 GR|Τοματοκεφτέδες.|https://www.ab.gr/medias/sys_master/h1c/h50/8836051468318.jpg|4
ΦΥΛΛΟ ΚΑΤΕΨΥΓΜΕΝΟ ΚΡΟΥΣΤΑΣ 450 GR|Ιδανικό για όλων των ειδών τις πίτες με ελαφρύ και ελαστικό φύλλο που δουλεύεται εύκολα χωρίς να σπάει.|https://www.ab.gr/medias/sys_master/h44/hd1/8830060724254.jpg|4
ΠΙΤΣΑ ΤΕΣΣΕΡΑ ΤΥΡΙΑ ΚΑΤΕΨΥΓΜΕΝΗ 335 GR|Για τους λάτρεις των τυριών! Η πίτσα Dr. Oetker 4 Cheese περιέχει ένα μοναδικό συνδυασμό απο τυρί Μοτσαρέλλα, Ένταμ, Τίλσιτ και Ροκφόρ. Η λεπτή και τραγανή ζύμη και η πλούσια επίστρωση από νόστιμα και καλοδιαλεγμένα υλικά κάνουν την πίτσα Dr. Oetker 4 Cheese ακαταμάχητη για όσους λατρεύουν την γνήσια ιταλική πιτσαρία.|https://www.ab.gr/medias/sys_master/h2d/hf8/8917297266718.jpg|4
ΣΟΛΟΜΟΣ ΦΙΛΕΤΟ 750 GR 20% ΕΚΠΤΩΣΗ||https://www.ab.gr/medias/sys_master/ha8/h26/8931513761822.jpg|4
TYΡΟΠΙΤΑ ΤΑΨΙΟΥ ΚΑΤΕΨΥΓΜΕΝΗ 1 KGR|Τυρόπιτα με χωριάτικο φύλλο, μυζήθρα και φέτα.|https://www.ab.gr/medias/sys_master/h6a/h89/8911746007070.jpg|4
ΣΥΚΩΤΑΚΙΑ ΚΑΙ ΚΑΡΔΙΕΣ ΚΟΤΟΠΟΥΛΟΥ ΚΑΤΕΨΥΓΜΕΝΑ ΤΥΠΟΠΟΙΗΜΕΝΑ 500 GR|Συκωτάκια και καρδιές από κοτόπουλο.|https://www.ab.gr/medias/sys_master/h40/h04/8838842646558.jpg|4
ΦΥΛΛΑ ΚΑΤΕΨΥΓΜΕΝΑ ΕΤΟΙΜΑ ΓΙΑ ΠΙΤΕΣ 600 GR||https://www.ab.gr/medias/sys_master/hdf/hbe/8936271740958.jpg|4
ΚΑΤΕΨΥΓΜΕΝΟ ΦΥΛΛΟ ΣΦΟΛΙΑΤΑΣ 700 GR|Κατεψυγμένο φύλλο σφολιάτας για πίτες και γλυκά.|https://www.ab.gr/medias/sys_master/h58/h55/8838580764702.jpg|4
ΚΙΧΙ ΠΙΤΤΑΚΙΑ ΚΑΤΕΨΥΓΜΕΝΟ 800 GR|Οι μίνι πρεσβευτές της κοζανίτικης παράδοσης στη ζύμη, με όνομα και γεύση. Τα Μίνι Κιχί είναι από τα πιο επιτυχημένα προϊόντα ζύμης στην αγορά. Γέμιση: Τυρί.|https://www.ab.gr/medias/sys_master/hdf/h55/8829025615902.jpg|4
ΠΑΡΑΔΟΣΙΑΚΗ ΠΙΤΑ ΤΥΡΙ ΜΕΤΣΟΒΟΥ ΚΑΤΕΨΥΓΜΕΝΗ 850 GR|.|https://www.ab.gr/medias/sys_master/hc3/hc0/8936598110238.jpg|4
ΗΜΙΕΤΟΙΜΟ ΦΑΓΗΤΟ ΚΑΤΕΨΥΓΜΕΝΟ PANANG ΚΟΤΟΠΟΥΛΟ ΜΕ ΚΑΡΙ ΚΑΙ ΡΥΖΙ 350 GR|Κοτόπουλο Panang κάρυ με ρύζι Jasmine. Δεν περιέχει γλουτένη.|https://www.ab.gr/medias/sys_master/h8c/hc0/8825625509918.jpg|4
ΠΙΤΑ ΓΙΑ ΟΛΟΥΣ 700 GR|Ιδανική για κλασικό σουβλάκι, για βάση πίτσας και για να συνοδεύει κάθε γεύμα.|https://www.ab.gr/medias/sys_master/h97/hd8/8835834085406.jpg|4
ΠΙΤΣΑ ΜΙΝΙ ΣΠΕΣΙΑΛ 315 GR||https://www.ab.gr/medias/sys_master/h08/hc6/8907610259486.jpg|4
ΤΡΙΓΩΝΑΡΙΑ ΜΕ ΤΥΡΙ ΑΝΕΒΑΤΟ ΚΑΤΕΨΥΓΜΕΝΑ 750 GR|Απολαύστε την εκλεκτή, ξεχωριστή δημιουργία της alfa, με το χωριάτικο φύλλο, τα εξαιρετικά υλικά και το ιδιαίτερο σχήμα! Με γέμιση: Τυρί (Ανεβατό Γρεβενών).|https://www.ab.gr/medias/sys_master/h31/h46/8838571261982.jpg|4
ΦΑΓΚΡΙΑ ΚΑΤΕΨΥΓΜΕΝΑ ΤΥΠΟΠΟΙΗΜΕΝΑ 1.000 GR ΠΕΡΙΠΟΥ|Φαγκριά κατεψυγμένα σε δίχτυ. Αλιευμένα, προέλευση Μαυριτανία (FAO 34).|https://www.ab.gr/medias/sys_master/h29/hda/8930579578910.jpg|4
ΦΥΛΛΟ ΚΑΤΕΨΥΓΜΕΝΟ ΒΗΡΥΤΟΥ 450 GR|Εξαιρετικά λεπτό φύλλο, φτιαγμένο από εκλεκτό αλεύρι, βούτυρο και αβγό. Το λεπτό του πάχος, σε συνδυασμό με το βούτυρο και το αβγό, το κάνει πολύ αφράτο και χρυσορόδινο όταν ψηθεί και το βοηθά να απορροφά καλύτερα το σιρόπι. Οι τραγανές στρώσεις φύλλου στα γλυκά σας θα λιώνουν σαν αφρός στο στόμα σας, προσφέροντας ακόμα μεγαλύτερη απόλαυση. Είναι κατάλληλο για γαλακτομπούρεκο, μπακλαβά, σαραγλάκια, φωλιές και όλων των ειδών τα σιροπιαστά γλυκά του ταψιού.|https://www.ab.gr/medias/sys_master/had/h72/8834489024542.jpg|4
ΧΩΡΙΑΤΙΚΑ ΦΥΛΛΑ ΜΕ ΚΑΛΑΠΟΚΑΛΕΥΡΟ 600 GR||https://www.ab.gr/medias/sys_master/hf2/h36/8930729132062.jpg|4
HOT DOGS MINI 700 GR|Τα Mini Hot Dogs είναι φτιαγμένα με τη νέα αφράτη Ζύμη με προζύμι ΚΑΝΑΚΙ, νόστιμα λουκάνικα, πικάντικη μουστάρδα και σάλτσα από ώριμες ντομάτες. Κάθε Mini Hot Dog είναι από μόνο του μια χορταστική απόλαυση που θα αγαπήσουν μικροί και μεγάλοι.|https://www.ab.gr/medias/sys_master/h1d/h01/8840877998110.jpg|4
ΚΑΤΕΨΥΓΜΕΝΕΣ ΠΙΤΕΣ 365 ΣΠΑΝΑΚΟΠΙΤΑ ΣΦΟΛΙΑΤΑΣ 850 GR|Σπανακόπιτα με φύλλο σφολιάτας από την 365. Έτοιμη για ψήσιμο.|https://www.ab.gr/medias/sys_master/h21/hb3/8838776193054.jpg|4
ΠΕΡΚΑ ΦΕΤΕΣ ΚΑΤΕΨΥΓΜΕΝΗ ΣΥΣΚΕΥΑΣΜΕΝΗ 1.000 GR ΠΕΡΙΠΟΥ|Πέρκα φέτα διχτάκι (FAO 01), αλιευμένο εσωτερικά ύδατα Αφρικής.|https://www.ab.gr/medias/sys_master/h7a/h8d/8917315747870.jpg|4
ΠΙΤΣΑ RISTORANTE FUNGHI 365 GR|Η τραγανή λεπτή ζύμη και η πλούσια επίστροση από επιλεγμένα συστατικά κάνουν την πίτσα Dr. Oetker Ristorante Funghi ακαταμάχητη για όσους λατρεύουν την ιταλική κουζίνα. Η πίτσα Dr. Oetker Ristorante Funghi περιέχει ώριμες τομάτες, ζουμερά και αρωματικά μανιτάρια, μοτσαρέλα και μπαχαρικά.|https://www.ab.gr/medias/sys_master/h21/hf4/8841255813150.jpg|4
ΠΙΤΣΑ ΚΑΤΕΨΥΓΜΕΝΗ RUSTICA 4 ΤΥΡΙΑ 555 GR||https://www.ab.gr/medias/sys_master/h61/he2/8936560361502.jpg|4
ΠΙΤΤΑ ΚΑΤΕΨΥΓΜΕΝΗ ΧΟΡΤΟΠΙΤΑ 1100 GR|Παρασκευάζεται με χειροποίητο τρόπο|https://www.ab.gr/medias/sys_master/hf8/hf2/8925628694558.jpg|4
ΣΟΛΟΜΟΣ ΦΕΤΑ ΚΑΤΕΨΥΓΜΕΝΟΣ 1 KGR|Τα καλύτερα προϊόντα διαλέγονται και καταψύχονται αμέσως μετά το ψάρεμά τους σε βαθιά νερά. Η επεξεργασία τους γίνεται αμέσως, γι'αυτό και διατηρούνται φρέσκα και γευστικά, χωρίς να χάνουν τις θρεπτικές τους ιδιότητες.|https://www.ab.gr/medias/sys_master/had/h72/8838295027742.jpg|4
ΦΥΛΛΟ ΚΑΤΕΨΥΓΜΕΝΟ ΚΑΤΑΙΦΙ 450 GR 20% ΕΚΠΤΩΣΗ||https://www.ab.gr/medias/sys_master/hb1/h50/8931507994654.jpg|4
ΦΥΛΛΟ ΚΑΤΕΨΥΓΜΕΝΟ ΚΡΟΥΣΤΑΣ ΠΟΛΙΤΙΚΟ 450 GR|ALFA  ΦΥΛΛΟ ΚΡΟΥΣΤΑΣ  450GR|https://www.ab.gr/medias/sys_master/h07/he1/8936245657630.jpg|4
ZEST MINI ΚΡΟΥΑΣΑΝ ΠΡΑΛ 800ΓΡ ΚΤΨ|||4
ΠΑΤΑΤΕΣ STEAKHOUSE ΚΑΤΕΨΥΓΜΕΝΕΣ 1 KGR|Λαχταριστές, παραδοσιακές πατάτες σε χωριάτικο κόψιμο.|https://www.ab.gr/medias/sys_master/hd1/hcf/8835683483678.jpg|4
ΠΕΙΝΙΡΛΙ ΚΑΤΕΨΥΓΜΕΝΟ ΜΙΝΙ ΚΑΣΕΡΙ ΜΠΕΙΚΟΝ 650 GR|Μικρά παραδοσιακά και χειροποίητα πεϊνρλί με κασέρι και μπέικον.|https://www.ab.gr/medias/sys_master/ha6/h29/8838555140126.jpg|4
ΣΟΛΩΜΟΣ ΦΙΛΕΤΟ ΜΕ ΒΟΥΤΥΡΟ & ΛΕΜΟΝΙ 215 GR||https://www.ab.gr/medias/sys_master/h97/haa/8874773020702.jpg|4
ΤΥΡΟΠΙΤΑΚΙΑ ΚΑΤΕΨΥΓΜΕΝΑ 920 GR|Τα Τυροπιτάκια με Σφολιάτα προσφέρουν νοστιμιά και απόλαυση σε κάθε στιγμή. Φτιαγμένα με τη μοναδικά αφράτη Σφολιάτα ΚΑΝΑΚΙ και εκλεκτά τυριά τρελαίνουν μικρούς και μεγάλους! Ψήνονται εύκολα και γρήγορα, προσφέροντας ένα νόστιμο συμπλήρωμα για κάθε γεύμα. Ιδανικά για πάρτυ, αλλά και για κάθε οικογενειακή ή φιλική συγκέντρωση.|https://www.ab.gr/medias/sys_master/hf6/hd7/8834581168158.jpg|4
ΦΥΛΛΟ ΚΑΤΕΨΥΓΜΕΝΟ ΠΑΡΑΔΟΣΙΑΚΟ ΚΑΤΕΨΥΓΜΕΝΟ 500 GR|Χωριάτικο φύλλο για πίτες και πιτάκια.|https://www.ab.gr/medias/sys_master/h08/h0e/8838592167966.jpg|4
ΕΤΟΙΜΑ ΦΥΛΛΑ ΚΡΕΠΑΣ ΚΑΤΕΨΥΓΜΕΝΑ 10 ΤΕΜΑΧΙΩΝ 400 GR|Σπιτικά και λαχταριστά φύλλα κρέπας έτοιμα για στόλισμα!|https://www.ab.gr/medias/sys_master/hfd/ha2/8835840376862.jpg|4
ΠΙΤΣΑ SPECIAL ΚΑΤΕΨΥΓΜΕΝΗ 2 X 430 GR|Πίτσα με αφράτη ζύμη. Special με τυρί Ένταμ, χοιρομέρι, μπέικον, πιπεριά, καπνιστό κρέας και σαλάμι.|https://www.ab.gr/medias/sys_master/h68/hd8/8890510934046.jpg|4
ΠΙΤΣΑ TAKE AWAY ΚΑΤΕΨΥΓΜΕΝΗ 3 X 440 GR|Κατεψυγμένες πίτσες take away.|https://www.ab.gr/medias/sys_master/hfe/h46/8828900802590.jpg|4
ΦΥΛΛΟ ΚΑΤΕΨΥΓΜΕΝΟ ΚΑΤΑΙΦΙ 450 GR|Λεπτές και ελαστικές ίνες ζύμης, φτιαγμένες από εκλεκτό αλεύρι μπορούν να τυλίξουν τις γεμίσεις που θα επιλέξετε δίνοντάς τους μια τελείως διαφορετική εμφάνιση και γεύση. Ιδανικό για το παραδοσιακό καταΐφι και το εκμέκ, αλλά μη περιοριστείτε σε αυτό. Δοκιμάστε το χρησιμοποιώντας το με φαντασία και ανακαλύψτε ξανά τις δυνατότητες που σας προσφέρει τυλίγοντας μέσα του γεμίσεις με τυριά, γαρίδες και αλλαντικά.|https://www.ab.gr/medias/sys_master/h1b/hbf/8834624815134.jpg|4
BURGER ΚΑΤΕΨΥΓΜΕΝΟ 240 GR|Μεσογειακό μπιφτέκι με από επιλεγμένο φρέσκο βοδινό κρέας με ελαιόλαδο, θυμάρι και ρίγανη.|https://www.ab.gr/medias/sys_master/had/hc0/8841105735710.jpg|4
ZEST MINI ΚΡΟΥΑΣ ΖΑΜΠ ΤΥΡΙ 800ΓΡ ΚΤΨ|||4
ΓΑΡΙΔΕΣ NO 4 ΚΑΤΕΨΥΓΜΕΝΕΣ 1 KGR|Κατεψυγμένες επί του πλοίου γαρίδες. Παραγωγής Ατλαντικού (FAO 34).|https://www.ab.gr/medias/sys_master/h7d/hc8/8840047362078.jpg|4
ΚΙΧΙ ΠΙΤΤΑΚΙΑ ΜΙΝΙ ΜΕ ΚΡΕΜΑ ΚΑΤΕΨΥΓΜΕΝA 800 GR|Οι μίνι πρεσβευτές της κοζανίτικης παράδοσης στη ζύμη, με όνομα και γεύση. Τα Μίνι Κιχί είναι από τα πιο επιτυχημένα προϊόντα ζύμης στην αγορά. Γέμιση: Κρέμα.|https://www.ab.gr/medias/sys_master/he7/h1d/8838580174878.jpg|4
ΜΠΟΥΚΙΕΣ ΠΡΑΛΙΝΑΣ ΚΑΤΕΨΥΓΜΕΝΕΣ 750 GR||https://www.ab.gr/medias/sys_master/h51/h2b/8936566259742.jpg|4
ΦΛΟΓΕΡΕΣ ΜΕ ΤΥΡΙΑ ΑΛΛΑΝΤΙΚΑ ΚΑΤΕΨΥΓΜΕΝΑ 310 GR|Η «Φλογέρα με Αλλαντικά και Τυριά» είναι μία διεθνής συνταγή, ιδιαίτερα αγαπημένη στην Ευρώπη, συνδυάζει γνωστά υλικά άριστης ποιότητας. Μπορεί να σερβιριστεί ως μεζές, ορεκτικό, σε ποικιλίες και ως γεύμα.|https://www.ab.gr/medias/sys_master/h64/h74/8834744352798.jpg|4
THAI THAI ΗΜΙΕΤΟΙΜΟ ΦΑΓΗΤΟ ΚΑΤΕΨΥΓΜΕΝΟ ΚΟΤΟΠΟΥΛΟ ΤΕΡΙΓΙΑΚΙ ΜΕ ΝΟΥΝΤΛΣ 320GR||https://www.ab.gr/medias/sys_master/h7e/hff/8855618420766.jpg|4
ΒΑΚΑΛΑΟΣ ΠΛΑΚΙ 255 GR||https://www.ab.gr/medias/sys_master/h33/h87/8874772430878.jpg|4
ΠΙΤΣΑ PROSCIUTTO ΚΑΤΕΨΥΓΜΕΝΗ 2 X 330 GR|Πίτσα με λεπτή ζύμη με προσούτο, τυρί Ένταμ και τυρί Μοτσαρέλα. Προϊόν βαθειάς κατάψυξης.|https://www.ab.gr/medias/sys_master/hae/h4b/8828940124190.jpg|4
ΠΙΤΣΑ ΚΑΤΕΨΥΓΜΕΝΗ SPECIALE 2X330GR|DR.OETKER RISTORANTE ΠΙΤΣΑ ΚΑΤΕΨΥΓΜΕΝΗ SPECIAL 2X330GR|https://www.ab.gr/medias/sys_master/h39/h0a/8936255029278.jpg|4
ΦΥΛΛΟ ΠΑΡΑΔΟΣΙΑΚΟ ΚΑΤΕΨΥΓΜΕΝΟ 650 GR|Φτιαγμένο από αλεύρι εξαιρετικής ποιότητας, ζυμώνεται με αγνό παρθένο ελαιόλαδο για να αποκτήσει την αυθεντική υφή του χωριάτικου ζυμωτού φύλλου. Όταν ψήνεται, χάρη στο ελαιόλαδο γίνεται ακόμα πιο απολαυστικά τραγανό και νόστιμο. Είναι σχεδιασμένο ειδικά για χωριάτικες πίτες, αλλά μπορείτε να δημιουργήσετε μαζί του πλήθος συνταγών που θα γίνουν ξεχωριστές χάρη στη πιο χονδρή υφή του και την πλούσια γεύση του.|https://www.ab.gr/medias/sys_master/ha9/hc9/8847120171038.jpg|4
ΗΜΙΕΤΟΙΜΟ ΦΑΓΗΤΟ ΚΑΤΕΨΥΓΜΕΝΟ ΚΟΤΟΠΟΥΛΟ ΓΛΥΚΟΞΙΝΟ ΜΕ ΡΥΖΙ 350 GR|Γλυκόξυνο κοτόπουλο με ρύζι Jasmine.|https://www.ab.gr/medias/sys_master/hd1/h47/8838145933342.jpg|4
ΘΡΑΨΑΛΟ ΚΑΘΑΡΙΣΜΕΝΟ ΚΑΤΕΨΥΓΜΕΝΟ ΣΥΣΚ. ΝΟΤΙΟΔΥΤΙΚΟΣ ΕΙΡΗΝΙΚΟΣ 1.000 GR ΠΕΡΙΠΟΥ|Θράψαλα ροδέλα Νέας Ζηλανδίας σε δίχτυ κατεψυγμένα (FAO 81).|https://www.ab.gr/medias/sys_master/h7b/hf5/8917312995358.jpg|4
ΠΙΤΣΑ SPECIAL ΜΑΡΓΑΡΙΤΑ ΚΑΤΕΨΥΓΜΕΝΗ 810 GR|Πίτσα Specal και πίτσα Μαργαρίτα.|https://www.ab.gr/medias/sys_master/h15/h9a/8840935211038.jpg|4
ΚΡΕΠΕΣ ΠΡΑΛΙΝΑ ΚΑΙ ΜΠΙΣΚΟΤΟ 5 TEMAXIA 350 GR|Σπιτικές κρέπες γεμισμένες με αυθεντική πραλίνα φουντουκιού & τριμμένο μπισκότο.|https://www.ab.gr/medias/sys_master/h45/h6f/8839898529822.jpg|4
ΛΟΥΚΑΝΙΚΟΠΙΤΑΚΙΑ ΚΑΤΕΨΥΓΜΕΝΑ 920 GR|Τα Λουκανικοπιτάκια με Σφολιάτα προσφέρουν νοστιμιά και απόλαυση κάθε στιγμή.Φτιαγμένα με τη μοναδικά αφράτη Σφολιάτα ΚΑΝΑΚΙ και νόστιμα λουκάνικα, τρελαίνουν μικρούς και μεγάλους! Ψήνονται εύκολα και γρήγορα, προσφέροντας ένα νόστιμο συμπλήρωμα για κάθε γεύμα. Ιδανικά για πάρτι, αλλά και για κάθε οικογενειακή ή φιλική συγκέντρωση.|https://www.ab.gr/medias/sys_master/h43/hca/8837313396766.jpg|4
ΠΙΤΣΑ ΚΑΤΕΨΥΓΜΕΝΗ SPECIAL 3X460 GR||https://www.ab.gr/medias/sys_master/hea/ha6/8936579760158.jpg|4
ΠΙΤΤΑ ΚΑΤΕΨΥΓΜΕΝΗ ΤΥΡΟΠΙΤΑ 850 GR|Τυρόπιτα με φύλλο σφολιάτας από την 365. Έτοιμη για ψήσιμο.|https://www.ab.gr/medias/sys_master/h51/h48/8828911910942.jpg|4
ΣΠΑΝΑΚΟΠΙΤΑ ΝΗΣΤΙΣΙΜΗ ΚΑΤΕΨΥΓΜΕΝΗ 900 GR|Με φύλλα ανοιγμένα στο χέρι. Η νέα χωριάτικη σπανακόπιτα νηστίσιμη Σαρόγλου ήρθε για να σας θυμίσει τη γεύση της παράδοσης.|https://www.ab.gr/medias/sys_master/h24/h78/8836060708894.jpg|4
ΣΦΟΛΙΑΤΑΚΙΑ ΒΟΥΤΥΡΟΥ ΣΤΡΟΓΓΥΛΑ ΚΑΤΕΨΥΓΜΕΝΑ 450 GR|Ιδανικά για αλμυρά ή γλυκά ταρτάκια και πιτάκια, εγγυώνται αφράτο φούσκωμα και πλούσια φυλλοποίηση!|https://www.ab.gr/medias/sys_master/h5e/hd2/8830069964830.jpg|4
ΚΡΕΠΕΣ ΖΑΜΠΟΝ ΜΠΕΪΚΟΝ ΤΥΡΙΑ 5 ΤΕΜΑΧΙA 400 GR|Σπιτικές κρέπες γεμισμένες με μια πλούσια bechamel τυριών, λαχταριστά κομμάτια ζαμπόν και καπνιστό μπέικον σε πρακτική συσκευασία με ταψάκι, έτοιμες για ψήσιμο.|https://www.ab.gr/medias/sys_master/h52/h08/8835839787038.jpg|4
ΠΙΤΑΤΑΚΙΑ ΡΙΓΑΝΗ 100 GR||https://www.ab.gr/medias/sys_master/h85/h53/8940777603102.jpg|4
ΠΙΤΣΑ MOZZARELLA ΚΑΤΕΨΥΓΜΕΝΗ 2 X 200 GR|Πίτσα με λεπτή ζύμη με τυρί μοτσαρέλλα, ένταμ και ντομάτα.|https://www.ab.gr/medias/sys_master/h6c/h5f/8890648526878.jpg|4
ΠΟΥΡΕΣ ΚΑΤΕΨΥΓΜΕΝΟΣ 750 GR|Κλασσική γεύση σπιτικού πουρέ, χωρίς συντηρητικά. Διαμορφωμένος σε ροδέλες για εύκολη μεριδοποίηση.|https://www.ab.gr/medias/sys_master/h22/h38/8839956332574.jpg|4
ΜΠΙΦΤΕΚΙΑ ΧΑΜΠΟΥΡΓΚΕΡ 360 GR|Χωρίς συντηρητικά. Με εξαιρετικό παρθένο ελαιόλαδο.|https://www.ab.gr/medias/sys_master/h1a/h46/8834687533086.jpg|4
ΟΡΤΥΚΙΑ ΕΛΛΗΝΙΚΑ ΚΑΤΕΨΥΓΜΕΝΑ 700 GR||https://www.ab.gr/medias/sys_master/hc8/ha4/8930721398814.jpg|4
ΠΙΤΣΑ ΚΑΤΕΨΥΓΜΕΝΗ RUSTICA 4 ΤΥΡΙΑ 555 GR||https://www.ab.gr/medias/sys_master/haa/ha3/8936595619870.jpg|4
ΠΙΤΣΑ ΠΙΤΣΑ 4 ΤΥΡΙΑ ΚΑΤΕΨΥΓΜΕΝΗ 2 Χ 425 GR|Πίτσα με αφράτη ζύμη με τυρί μοτσαρέλλα, ένταμ , Μόντερυ Τζακ και σκληρό τυρί.|https://www.ab.gr/medias/sys_master/hf2/h4a/8884960690206.jpg|4
ΣΦΥΡΙΔΑ ΜΕ ΚΕΦΑΛΙ ΚΑΤΕΨΥΓΜΕΝΗ ΣΥΣΚΕΥΑΣΜΕΝΗ 1.000 GR ΠΕΡΙΠΟΥ|Σφυρίδα σε δίχτυ. Αλιευμένο, προέλευση Ισπανία (FAO 34).|https://www.ab.gr/medias/sys_master/hfd/h4a/8930566012958.jpg|4
ΧΤΕΝΙΑ ΜΙΣΟ ΚΕΛΥΦΟΣ ΚΑΤΕΨΥΓΜΕΝΑ ΤΥΠΟΠΟΙΗΜΕΝΑ 500 GR|Διατροφικά τα χτένια είναι πρωτεϊνούχα (52.6%) και πλούσια σε σελήνιο (45.2%), φώσφορο (38.3%), βιταμίνη Β12 (24.5%) και σίδηρο (18.8%) ενώ είναι καλή πηγή για τα πολυπόθητα Ω3 λιπαρά (17%) και το μαγνήσιο (15.5%). Επίσης περιέχουν ψευδάργυρο (22.6%), στοιχείο που αυξάνει την ερωτική επιθυμία.|https://www.ab.gr/medias/sys_master/h22/hc5/8835924066334.jpg|4
ΚΑΡΑΒΙΔΕΣ ΚΑΤΕΨΥΓΜΕΝΕΣ ΤΥΠΟΠΟΙΗΜΕΝΕΣ 800 GR|Η χαρακτηριστική βορειοευρωπαϊκή καραβίδα θεωρείται μια αποκλειστική λιχουδιά παγκοσμίως. Οι καραβίδες είναι προκαθαρισμένες και διαχωρισμένες και τοποθετημένες σε δίσκο που μπαίνει στο φούρνο.|https://www.ab.gr/medias/sys_master/h47/h7d/8930572501022.jpg|4
ΣΑΛΙΓΚΑΡΙΑ ΜΕ ΚΕΛΥΦΟΣ ΜΕΣΑΙΑ ΚΑΤΕΨΥΓΜΕΝΑ 440 GR|Tο κρέας των σαλιγκαριών αποτελεί ξεχωριστή λιχουδιά για τους γευσιγνώστες, αλλά συγκεντρώνει και αρκετά διατροφικά πλεονεκτήματα σε σχέση με άλλα κρέατα. Παρουσιάζει αφενός χαμηλή περιεκτικότητα σε θερμίδες και λίπη, αφετέρου υψηλή περιεκτικότητα σε ανόργανα θρεπτικά στοιχεία, απαραίτητα αμινοξέα και ευεργετικά λιπαρά οξέα.|https://www.ab.gr/medias/sys_master/h9a/hbc/8825592414238.jpg|4
