ΓΑΤΟΤΡΟΦΗ ALU ΨΑΡΙ (ΑΛΟΥΜΙΝΙΟ) 100 GR|Πλήρης τροφή για ενήλικες γάτες από την 365. Πατέ με ψάρι.|https://www.ab.gr/medias/sys_master/h7c/hbe/8917797601310.jpg|10
ΓΑΤΟΤΡΟΦΗ ALU ΒΟΔΙΝΟ (ΑΛΟΥΜΙΝΙΟ) 100 GR|Πλήρης τροφή για ενήλικες γάτες από την 365. Πατέ με βοδινό.|https://www.ab.gr/medias/sys_master/h98/h10/8917809266718.jpg|10
ΣΝΑΚ ΣΚΥΛΩΝ DENTA STIX 7 ΤΕΜΑΧΙΩΝ 180 GR|To Pedigree DentaStix είναι ένα απολαυστικό οδοντικό σνακ που φροντίζει καθημερινά τα δόντια του σκύλου σας εύκολα και γρήγορα. Μπορείτε να του το προσφέρετε οποιαδήποτε στιγμή της ημέρας και ταιριάζει μοναδικά με την καθημερινή του διατροφή. Ό,τι καλύτερο για την υγεία των δοντιών του, μετά το βούρτσισμα. Η αποτελεσματικότητα του Pedigree DentaStix είναι κλινικά αποδεδειγμένη. Με ειδικό σχήμα και χάρη στα ενεργά συστατικά του, μειώνει το σχηματισμό της πέτρας έως και 80%, προλαμβάνοντας ακόμα και την ουλίτιδα, όταν χρησιμοποιείται καθημερινά.|https://www.ab.gr/medias/sys_master/h11/h7c/8814313635870.jpg|10
ΣΝΑΚ ΣΚΥΛΩΝ  270 GR|To Pedigree® DentaStix® είναι ένα απολαυστικό οδοντικό σνακ που φροντίζει καθημερινά τα δόντια του σκύλου σας εύκολα και γρήγορα. Μπορείτε να του το προσφέρετε οποιαδήποτε στιγμή της ημέρας και ταιριάζει μοναδικά με την καθημερινή του διατροφή. Ό,τι καλύτερο για την υγεία των δοντιών του, μετά το βούρτσισμα.|https://www.ab.gr/medias/sys_master/h81/h22/8813562331166.jpg|10
ΓΑΤΟΤΡΟΦΗ ALU ΠΟΥΛΕΡΙΚΑ  (ΑΛΟΥΜΙΝΙΟ) 100 GR|Πλήρης τροφή για ενήλικες γάτες από την 365. Πατέ με πουλερικά.|https://www.ab.gr/medias/sys_master/h53/h40/8917795700766.jpg|10
ΣΝΑΚ ΣΚΥΛΩΝ  500 GR|Τα μπισκότα Pedigree Biscrok είναι απολαυστικά τραγανά και συνδυάζουν 3 υπέροχες γεύσεις. Λευκό μπισκότο με γεύση κοτόπουλο, καφέ μπισκότο με γεύση μοσχάρι και κόκκινο με γεύση μεδούλι. Για να του προσφέρετε παραπάνω από ένα απλό κέρασμα!|https://www.ab.gr/medias/sys_master/h41/h2a/8838701482014.jpg|10
ΑΜΜΟΣ ΥΓΙΕΙΝΗΣ ΓΙΑ ΓΑΤΕΣ ΑΡΩΜΑΤΙΚΗ 5 ΚGR|Η ΑΡΩΜΑΤΙΚΗ ΑΜΜΟΣ ΥΓΙΕΙΝΗΣ FRISKIES περιέχει κόκκους οι οποίοι απελευθερώνουν το δροσερό άρωμα της λεβάντας μόλις η άμμος βραχεί, κι έτσι εξουδετερώνουν τις δυσάρεστες οσμές. Είναι 100% φυσικό προϊόν και  δεν κολλά στο τρίχωμα και στα πόδια του ζώου. Επιπλέον είναι υπεραπορροφητκή καθώς τα 5 κιλά άμμου υγιεινής FRISKIES απορροφούν περίπου 8 λίτρα υγρού.|https://www.ab.gr/medias/sys_master/h00/he7/8830243045406.jpg|10
ΑΜΜΟΣ ΥΓΙΕΙΝΗΣ ΓΙΑ ΓΑΤΕΣ 10 ΚGR|Άμμος υγιεινης για γάτες από την 365.|https://www.ab.gr/medias/sys_master/h75/h68/8889665159198.jpg|10
ΓΑΤΟΤΡΟΦΗ ΒΟΔΙΝΟ 415 GR|Πλήρης τροφή για ενήλικες γάτες από την 365. Μπουκιές με σάλτσα με βοδινό.|https://www.ab.gr/medias/sys_master/h66/h0b/8835745611806.jpg|10
ΣΚΥΛΟΤΡΟΦΗ ΣΕ ΚΟΝΣΕΡΒΑ ΒΟΔΙΝΟ 300 GR|Πλήρης τροφή για ενήλικους σκύλους από την 365. Πατέ με βοδινό.|https://www.ab.gr/medias/sys_master/h78/h53/8917804023838.jpg|10
ΓΑΤΟΤΡΟΦΗ ΨΑΡΙ 415 GR|Πλήρης τροφή για ενήλικες γάτες από την 365. Μπουκιές με σάλτσα με ψάρι.|https://www.ab.gr/medias/sys_master/hb9/h46/8838120374302.jpg|10
GOLD ΓΑΤΟΤΡΟΦΗ ΚΟΥΝΕΛΙ ΚΑΙ ΣΥΚΩΤΙ  85 GR|Η γάτα σας είναι ένας αληθινός γευσιγνώστης που λατρεύει να δοκιμάζει διαφορετικές συνταγές και γεύσεις. Γι αυτό το λόγο η GOURMET GOLD δημιούργησε τη σειρά Διπλή Απόλαυση: εκλεπτυσμένες συνταγές που θα προσφέρουν στη γάτα σας καθημερινά μια διαφορετική γευστική εμπειρία. Η GOURMET GOLD Διπλή Απόλαυση με Κουνέλι και Συκώτι είναι μία πλήρης τροφή για ενήλικες γάτες. Μία νόστιμη συνταγή με κομματάκια σε σάλτσα εξαιρετικά μαγειρεμένα θα ικανοποιήσουν και τους πιο απαιτητικούς ουρανίσκους. Διπλή Απόλαυση από την GOURMET GOLD, μια επιλογή από εξαιρετικές συνταγές που προσφέρουν μια διαφορετική γευστική εμπειρία κάθε μέρα.|https://www.ab.gr/medias/sys_master/hee/hce/8916847525918.jpg|10
GOLD ΓΑΤΟΤΡΟΦΗ ΜΟΥΣ ΜΕ ΨΑΡΙΑ ΤΟΥ ΩΚΕΑΝΟΥ  85 GR|Η γάτα σας λατρεύει να ανακαλύπτει καθημερινά νέες και διαφορετικές γεύσεις και υφές. Για αυτό το λόγο η GOURMET GOLD δημιούργησε το Μους – μια εύγευστη συνταγή που θα την κακομάθει με μια διαφορετική γευστική εμπειρία σε κάθε γεύμα. Η GOURMET GOLD με Ψάρια του Ωκεανού είναι μία πλήρης τροφή για ενήλικες γάτες που περιέχει όλες τις βιταμίνες και τα ανόργανα άλατα που χρειάζεται καθημερινά. Η GOURMET GOLD  αποτελεί μια μαλακή μούς με ψάρια του ωκεανού, προσεκτικά προετοιμασμένη για να προσφέρει στη γάτα σας την απόλαυση μιας φίνας, απαλής αίσθησης καλύπτοντας παράλληλα όλες τις διατροφικές της ανάγκες.|https://www.ab.gr/medias/sys_master/h58/hf3/8916873216030.jpg|10
ΓΑΤΟΤΡΟΦΗ ΣΟΛΟΜΟΣ KOTΟΠΟΥΛΟ 85 GR|Η γάτα σας είναι ένας αληθινός γευσιγνώστης που λατρεύει να δοκιμάζει διαφορετικές συνταγές και γεύσεις. Γι αυτό το λόγο η Gourmet Gold δημιούργησε τη σειρά Κομματάκια σε Σάλτσα: εκλεπτυσμένες συνταγές που θα προσφέρουν στη γάτα σας καθημερινά μια διαφορετική γευστική εμπειρία. Η Gourmet Gold με Σολομό και Κοτόπουλο είναι μία πλήρης τροφή για ενήλικες γάτες. Τρυφέρα κομματάκια με κρέας και ψάρι εξαιρετικά μαγειρεμένα με την σάλτσα τους θα ικανοποιήσουν και τους πιο απαιτητικούς ουρανίσκους. Κομματάκια σε Σάλτσα από την Gourmet Gold, μια επιλογή από εξαιρετικές συνταγές που προσφέρουν μια διαφορετική γευστική εμπειρία κάθε μέρα.|https://www.ab.gr/medias/sys_master/h13/h7a/8814296924190.jpg|10
ΣΚΥΛΟΤΡΟΦΗ ΣΕ ΚΟΝΣΕΡΒΑ ΚΟΤΟΠΟΥΛΟ 300 GR|Πλήρης τροφή για ενήλικους σκύλους από την 365. Πατέ με κοτόπουλο.|https://www.ab.gr/medias/sys_master/h4d/h1c/8917807431710.jpg|10
ΓΑΤΟΤΡΟΦΗ KITTEN ΚΟΤΟΠΟΥΛΟ 100 GR|Πλήρης τροφή για γατάκια με κοτόπουλο.|https://www.ab.gr/medias/sys_master/hc7/hb2/8917799436318.jpg|10
ΑΜΜΟΣ ΥΓΙΕΙΝΗΣ ΑΡΩΜΑΤΙΚΗ 5 ΚGR|Άμμος Υγιεινής για γάτας. Αρωματική. 100% φυσικό προϊόν. Έξτρα απορροφητική. Χωρίς πρόσθετα.|https://www.ab.gr/medias/sys_master/h0e/h33/8918155100190.jpg|10
DIAMANT ΓΑΤΟΤΡΟΦΗ ΒΟΔΙΝΟ 85 GR  85 GR|Οι συνταγές της GOURMET DIAMANT διακρίνονται από τη μοναδική υφή και υψηλή γευστικότητα που τις κάνουν ακαταμάχητες.|https://www.ab.gr/medias/sys_master/hf2/h89/8916544651294.jpg|10
ΓΑΤΟΤΡΟΦΗ ALU ΚΟΥΝΕΛΙ (ΑΛΟΥΜΙΝΙΟ) 100 GR|Πλήρης τροφή για ενήλικες γάτες από την 365. Πατέ με κουνέλι.|https://www.ab.gr/medias/sys_master/hfd/h94/8917798518814.jpg|10
ΓΑΤΟΤΡΟΦΗ GOLD DOUBLE PLEASURE ΜΕ ΒΟΔΙΝΟ ΚΑΙ ΚΟΤΟΠΟΥΛΟ 85 GR|Η γάτα σας είναι ένας αληθινός γευσιγνώστης που λατρεύει να δοκιμάζει διαφορετικές συνταγές και γεύσεις. Γι αυτό το λόγο η GOURMET GOLD δημιούργησε τη σειρά Διπλή Απόλαυση: εκλεπτυσμένες συνταγές που θα προσφέρουν στη γάτα σας καθημερινά μια διαφορετική γευστική εμπειρία. Η GOURMET GOLD Διπλή Απόλαυση με Βοδινό και Κοτόπουλο είναι μία πλήρης τροφή για ενήλικες γάτες. Μία νόστιμη συνταγή με κομματάκια σε σάλτσα εξαιρετικά μαγειρεμένα θα ικανοποιήσουν και τους πιο απαιτητικούς ουρανίσκους. Διπλή Απόλαυση από την GOURMET GOLD, μια επιλογή από εξαιρετικές συνταγές που προσφέρουν μια διαφορετική γευστική εμπειρία κάθε μέρα.|https://www.ab.gr/medias/sys_master/h6a/h8e/8916881342494.jpg|10
ΓΑΤΟΤΡΟΦΗ ΜΟΥΣ ΠΕΣΤΡΟΦΑ ΚΑΙ ΝΤΟΜΑΤΑ 85 GR|Η γάτα σας λατρεύει να ανακαλύπτει καθημερινά νέες και διαφορετικές γεύσεις και υφές. Για αυτό το λόγο η GOURMET GOLD δημιούργησε το Μους – μια εύγευστη συνταγή που θα την κακομάθει με μια διαφορετική γευστική εμπειρία σε κάθε γεύμα. Η GOURMET GOLD με Πέστροφα και Ντομάτα είναι μία πλήρης τροφή για ενήλικες γάτες που περιέχει όλες τις βιταμίνες και τα ανόργανα άλατα που χρειάζεται καθημερινά. Η GOURMET GOLD  αποτελεί μια μαλακή μούς με πέστροφα και ντομάτα, προσεκτικά προετοιμασμένη για να προσφέρει στη γάτα σας την απόλαυση μιας φίνας, απαλής αίσθησης καλύπτοντας παράλληλα όλες τις διατροφικές της ανάγκες.|https://www.ab.gr/medias/sys_master/h3f/h6c/8916846542878.jpg|10
ΠΑΝΑ ΣΚΥΛΟΥ 60Χ90CM 15 TEMAXIA||https://www.ab.gr/medias/sys_master/h5b/hde/8854129803294.jpg|10
ΓΑΤΟΤΡΟΦΗ ΦΑΚΕΛΑΚΙ ΜΟΣΧΑΡΙ ΣΕ ΣΑΛΤΣΑ 100 GR||https://www.ab.gr/medias/sys_master/hd5/hc0/8854134718494.jpg|10
ΣΝΑΚ ΣΚΥΛΩΝ ΜΕ ΜΟΣΧΑΡΙ  5 ΤΕΜΑΧΙΩΝ 43 GR|Υπάρχουν κάποιες στιγμές που κάθε σκύλος αξίζει κάτι ξεχωριστό. Είτε γιατί χρειάζεται επιβράβευση για κάτι που έκανε είτε γιατί πολύ απλά θέλετε να τον ευχαριστήσετε που είναι ο καλύτερός σας φίλος. Τα snack Pedigree είναι η ιδανική λύση, όχι μόνο γιατί έχουν τέλεια γεύση που λατρεύουν οι σκύλοι αλλά και γιατί περιέχουν Ωμέγα 3, που τον βοηθούν να είναι πάντα σε φόρμα.|https://www.ab.gr/medias/sys_master/h80/hf1/8830331125790.jpg|10
DIAMANT ΓΑΤΟΤΡΟΦΗ ΝΙΦΑΔΕΣ ΤΟΝΟΥ ΜΕ ΓΑΡΙΔΕΣ ΣΕ ΖΕΛΕ  85 GR|Οι συνταγές της GOURMET DIAMANT διακρίνονται από τη μοναδική υφή και υψηλή γευστικότητα που τις κάνουν ακαταμάχητες.|https://www.ab.gr/medias/sys_master/h83/hde/8916542226462.jpg|10
ΞΗΡΑ ΤΡΟΦΗ ΣΚΥΛΟΥ BALANCE ΚΟΤΟΠΟΥΛΟ ΚΑΙ ΛΑΧΑΝΙΚΑ 1,5 KGR|Αγαπάτε το σκύλο σας και τη χαρά που προσφέρει στην οικογένειά σας, για αυτόθέλετε να είστε σίγουροι ότι θα είναι πάντα ζωηρός, σε εγρήγορση και γεμάτος ζωντάνια. Για αυτό το λόγο οι κτηνίατροι και οι διατροφολόγοι της PURINA δημιούργησαν τα PURINA® Friskies®VitaFit(TM) Balance, μια γευστική και πλήρης συνταγή με κοτόπουλο και πρόσθετα λαχανικά, συνδυασμένη με δημητριακά ολικής άλεσης, βιταμίνες Β και Ωμέγα 3 & 6 λιπαρά οξέα. Τα PURINA® Friskies® Balance είναι πηγή ποιοτικών πρωτεϊνώνκαι όλων των άλλων θρεπτικών συστατικών που χρειάζεται ο σκύλος σας γιανα ζήσει μια χαρούμενη και υγιή ζωή με την οικογένεια σας.|https://www.ab.gr/medias/sys_master/hdf/h78/8916548648990.jpg|10
ΓΑΤΟΤΡΟΦΗ ΠΟΥΛΕΡΙΚΑ 415 GR|Πλήρης τροφή για ενήλικες γάτες από την 365. Μπουκιές με σάλτσα με πουλερικά.|https://www.ab.gr/medias/sys_master/h70/h87/8816556507166.jpg|10
ΓΑΤΟΤΡΟΦΗ ΤΟΝΟΣ ΣΕ ΖΕΛΕ ΦΑΚΕΛΑΚΙ 100 GR||https://www.ab.gr/medias/sys_master/hc8/hb3/8854141272094.jpg|10
ΜΠΙΣΚΟΤΑ ΣΚΥΛΩΝ MARKIES 500 GR|Τα Pedigree Markies είναι ένας νοστιμότατος συνδυασμός απολαυστικού τραγανού μπισκότου με πυρήνα με κρέας, που θα ξετρελάνει το σκύλο σας. Επιπλέον, το μεδούλι που περιέχουν είναι μία φυσική πηγή ασβεστίου που βοηθάει στη διατήρηση της καλής υγείας των δοντιών και των οστών. Εκτός, όμως, από ασβέστιο περιέχουν και Ωμέγα 3, βιταμίνες και μεταλλικά άλατα, που τον βοηθούν να είναι πάντα σε φόρμα.|https://www.ab.gr/medias/sys_master/h7b/h2c/8828678406174.jpg|10
PERLE ΓΑΤΟΤΡΟΦΗ ΦΙΛΕΤΑΚΙΑ ΜΕ ΣΟΛΟΜΟ  85 GR|Η γάτα σας είναι ένας αληθινός γευσιγνώστης και δεν είναι πάντοτε εύκολο να την δελεάσετε. Γι αυτό το λόγο η GOURMET PERLE δημιούργησε τη σειρά Φιλετάκια σε Σάλτσα: εκλεπτυσμένες συνταγές που θα προσφέρουν στη γάτα σας καθημερινά μια ακαταμάχητη γευστική εμπειρία. Η GOURMET PERLE με Σολομό είναι μία πλήρης τροφή για ενήλικες γάτες. Λεπτά φιλετάκια με κρέας, ελαφρά μαγειρεμένα με την αρωματική σάλτσα τους θα ικανοποιήσουν και τους πιο απαιτητικούς ουρανίσκους. Φιλετάκια σε Σάλτσα από την GOURMET PERLE: γευστικοί πειρασμοί για μια μοναδική γευστική εμπειρία κάθε μέρα.|https://www.ab.gr/medias/sys_master/h73/h60/8916545568798.jpg|10
ΜΠΙΣΚΟΤΑ ΣΚΥΛΩΝ SHAPES 400 GR|Tα FRISKIES Shapes μπορούν να προσφερθούν οποιαδήποτε ώρα της ημέρας ως λιχουδιά, ως ανταμοιβή ή ως ένα νόστιμο συμπλήρωμα του κυρίως γεύματος του σκύλου σας.|https://www.ab.gr/medias/sys_master/hd8/h4d/8916552777758.jpg|10
GOLD ΓΑΤΟΤΡΟΦΗ ΜΟΥΣ ΜΕ ΜΟΣΧΑΡΙ ΓΙΑ ΓΑΤΑΚΙΑ  85 GR|To γατάκι σας λατρεύει να ανακαλύπτει καθημερινά νέες και διαφορετικές γεύσεις και υφές. Για αυτό το λόγο η GOURMET Gold δημιούργησε το Μους για Γατάκια – μια εύγευστη συνταγή που θα το κακομάθει με μια διαφορετική γευστική εμπειρία σε κάθε γεύμα. Η GOURMET GOLD ΓΙΑ ΓΑΤΑΚΙΑ είναι μία πλήρης τροφή για γατάκια που περιέχει όλες τις βιταμίνες και τα ανόργανα άλατα που χρειάζεται το γατάκι που αναπτύσσεται. Η GOURMET GOLD ΓΙΑ ΓΑΤΑΚΙΑ αποτελεί μια μαλακή μούς με μοσχάρι, προσεκτικά προετοιμασμένη για να προσφέρει στο γατάκι σας την απόλαυση μιας φίνας, απαλής αίσθησης καλύπτοντας παράλληλα όλες τις διατροφικές ανάγκες της ανάπτυξης.|https://www.ab.gr/medias/sys_master/hc0/h20/8917201813534.jpg|10
GOLD ΓΑΤΟΤΡΟΦΗ ΜΟΥΣ ΒΟΔΙΝΟ  85 GR|Η γάτα σας λατρεύει να ανακαλύπτει καθημερινά νέες και διαφορετικές γεύσεις και υφές. Για αυτό το λόγο η GOURMET GOLD δημιούργησε το Μους – μια εύγευστη συνταγή που θα την κακομάθει με μια διαφορετική γευστική εμπειρία σε κάθε γεύμα. Η GOURMET GOLD με Βοδινό είναι μία πλήρης τροφή για ενήλικες γάτες που περιέχει όλες τις βιταμίνες και τα ανόργανα άλατα που χρειάζεται καθημερινά. Η GOURMET GOLD  αποτελεί μια μαλακή μούς με βοδινό, προσεκτικά προετοιμασμένη για να προσφέρει στη γάτα σας την απόλαυση μιας φίνας, απαλής αίσθησης καλύπτοντας παράλληλα όλες τις διατροφικές της ανάγκες.|https://www.ab.gr/medias/sys_master/h62/h6b/8916850016286.jpg|10
ΣΝΑΚ ΣΚΥΛΩΝ ΓΙΑ ΜΙΚΡΟΣΩΜΟΥΣ ΣΚΥΛΟΥΣ 110 GR|To Pedigree® DentaStix® είναι ένα απολαυστικό οδοντικό σνακ που φροντίζει καθημερινά τα δόντια του σκύλου σας εύκολα και γρήγορα. Μπορείτε να του το προσφέρετε οποιαδήποτε στιγμή της ημέρας και ταιριάζει μοναδικά με την καθημερινή του διατροφή. Ό,τι καλύτερο για την υγεία των δοντιών του, μετά το βούρτσισμα.|https://www.ab.gr/medias/sys_master/h58/h23/8811421892638.jpg|10
ΣΝΑΚ ΣΚΥΛΩΝ ΜΕ ΜΟΣΧΑΡΙ 70 GR|Για ξεχωριστές στιγμές με το σκύλο σας κεράστε τον ένα Pedigree Rodeo, το νόστιμο στριφτό στικ με μοσχάρι που κάνει τους σκύλους να κουνάνε την ουρά τους από χαρά! Απολαυστικά νόστιμο, με Ωμέγα 3, ασβέστιο, βιταμίνες και μεταλλικά άλατα για να είστε σίγουροι ότι το νόστιμο είναι και θρεπτικό!|https://www.ab.gr/medias/sys_master/hbe/hef/8830316380190.jpg|10
ΓΑΤΟΤΡΟΦΗ ΚΟΤΟΠΟΥΛΟ ΣΕ ΖΕΛΕ 100 GR|Πλήρης τροφή για ενήλικες γάτες. Στο γκριλ με κοτόπουλο σε ζελέ. Μαγειρεμένο για θρεπτική απόλαυση.|https://www.ab.gr/medias/sys_master/he4/h90/8848337174558.jpg|10
ΣΝΑΚ ΓΑΤΑΣ DENTABITES 50 GR|Κλινικά αποδεδειγμένο ότι μειώνει το σχηματισμό της πέτρας.|https://www.ab.gr/medias/sys_master/h26/hbd/8825597001758.jpg|10
ΣΚΥΛΟΤΡΟΦΗ ΣΕ ΚΟΝΣΕΡΒΑ ΠΟΥΛΕΡΙΚΑ 300 GR|Πλήρης τροφή για ενήλικους σκύλους από την 365. Πατέ με πουλερικά.|https://www.ab.gr/medias/sys_master/hd8/h16/8917801271326.jpg|10
PERLE ΓΑΤΟΤΡΟΦΗ ΦΙΛΕΤΑΚΙΑ ΚΟΤΟΠΟΥΛΟ  85 GR|Η γάτα σας είναι ένας αληθινός γευσιγνώστης και δεν είναι πάντοτε εύκολο να την δελεάσετε. Γι αυτό το λόγο η GOURMET PERLE δημιούργησε τη σειρά Φιλετάκια σε Σάλτσα: εκλεπτυσμένες συνταγές που θα προσφέρουν στη γάτα σας καθημερινά μια ακαταμάχητη γευστική εμπειρία. Η GOURMET PERLE με Κοτόπουλο είναι μία πλήρης τροφή για ενήλικες γάτες. Λεπτά φιλετάκια με κρέας, ελαφρά μαγειρεμένα με την αρωματική σάλτσα τους θα ικανοποιήσουν και τους πιο απαιτητικούς ουρανίσκους. Φιλετάκια σε Σάλτσα από την GOURMET PERLE: γευστικοί πειρασμοί για μια μοναδική γευστική εμπειρία κάθε μέρα.|https://www.ab.gr/medias/sys_master/h99/hcd/8933010604062.jpg|10
ΓΑΤΟΤΡΟΦΗ ΜΕ ΒΟΔΙΝΟ ΣΕ ΖΕΛΕ 100 GR|Τα FELIX As Good As It Looks είναι μια σειρά από νόστιμα γεύματα με τέτοια όψη και μυρωδιά κρέατος που μοιάζουν σαν το φαγητό που έχετε μαγειρέψει εσείς. Είναι ειδικά παρασκευασμένα με αληθινά, τρυφερά κομμάτια κρέατος σε ζουμερό ζελέ έτσι ώστε  η γάτα σας να βρίσκει ακαταμάχητο κάθε γεύμα της. Τα FELIX As Good As It Looks διατίθενται σε μια μεγάλη σειρά γεύσεων με ψάρι και κρέας για να ικανοποιούν  την αγάπη της γάτας σας για ποικιλία. Όμως δεν είναι μόνον αυτό! Αυτά τα απολαυστικά γεύματα  είναι πηγή των απαραίτητων λιπαρών οξέων Ωμέγα 6 και έχουν τον σωστό συνδυασμό ισορροπημένων ανόργανων αλάτων και βιταμινών -  έτσι ώστε, όταν προσφέρονται με βάση τις οδηγίες διατροφής της συσκευασίας, να ικανοποιούν το 100% των καθημερινών αναγκών της γάτας σας.|https://www.ab.gr/medias/sys_master/hbb/h12/8917203648542.jpg|10
ΓΑΤΟΤΡΟΦΗ ΜΕ ΣΟΛΩΜΟ 85 GR||https://www.ab.gr/medias/sys_master/h45/h91/8923789951006.jpg|10
DENTALIFE ΜΙΚΡΟΙ ΣΚΥΛΟΙ 115 GR||https://www.ab.gr/medias/sys_master/h59/h83/8932550737950.jpg|10
ΓΑΤΟΤΡΟΦΗ ΜΕ ΜΟΣΧΑΡΙ 85 GR||https://www.ab.gr/medias/sys_master/h24/h3e/8923797684254.jpg|10
ΓΑΤΟΤΡΟΦΗ ΜΕ ΣΥΚΩΤΙ 100 GR||https://www.ab.gr/medias/sys_master/h41/h4a/8933004443678.jpg|10
ΓΑΤΟΤΡΟΦΗ ΜΠΟΥΚΙΕΣ ΣΥΚΩΤΙ ΚΟΥΝΕΛΙ 415 GR|Πλήρης ζωοτροφή για γάτες, μπουκιές με σάλτσα, με συκώτι και κουνέλι.|https://www.ab.gr/medias/sys_master/hd9/h53/8918034939934.jpg|10
ΣΚΥΛΟΤΡΟΦΗ ΣΕ ΚΟΝΣΕΡΒΑ ΒΟΔΙΝΟ 1240 GR|Πλήρης τροφή για ενήλικους σκύλους από την 365. Μπουκιές σε σάλτσα με βοδινό.|https://www.ab.gr/medias/sys_master/hd6/h91/8835783950366.jpg|10
ΣΚΥΛΟΤΡΟΦΗ ΣΕ ΚΟΝΣΕΡΒΑ ΚΟΥΝΕΛΙ 300 GR|Πλήρης τροφή για ενήλικους σκύλους από την 365. Πατέ με πουλερικά.κουνέλι.|https://www.ab.gr/medias/sys_master/hf7/hba/8917808349214.jpg|10
ΣΚΥΛΟΤΡΟΦΗ ΣΕ ΚΟΝΣΕΡΒΑ ΜΟΣΧΑΡΙ 400 GR|Οι σκύλοι από τη φύση τους λατρεύουν το κρέας! Συνδυάζει τη γεύση που τους αρέσει και τις πρωτεΐνες και το σίδηρο που χρειάζονται. Γι’ αυτό, οι υπέροχες συνταγές του Pedigree με φρέσκο κρέας, είναι ισορροπημένες σε δημητριακά, βιταμίνες και μεταλλικά άλατα και αποτελούν τον πιο φυσικό τρόπο για να είναι ο σκύλος σας γεμάτος υγεία και ζωντάνια.|https://www.ab.gr/medias/sys_master/h89/h6b/8838682017822.jpg|10
ADULT ΚΟΤΟΠΟΥΛΟ ΚΑΙ ΔΗΜΗΤΡΙΑΚΑ ΟΛΙΚΗΣ ΑΛΕΣΗΣ  1,5 KGR|Τα PURINA® Friskies® Vitafit™ ενισχύουν την υγεία του σκύλου σας. Ελέγξτε σε αυτόν ταακόλουθα ζωτικά σημεία: Καλοσχηματισμένα κόπρανα χάρη στην υγιή πέψηΥποστηρίζει το λαμπερό τρίχωμα και την υγεία του δέρματοςΥποστηρίζει το σπινθηροβόλο βλέμμα, το οποίο αποτελεί σημάδι εγρήγορσης|https://www.ab.gr/medias/sys_master/h02/hfc/8916875706398.jpg|10
DIAMANT ΓΑΤΟΤΡΟΦΗ ΜΕ ΚΟΤΟΠΟΥΛΟ  85 GR|Οι συνταγές της GOURMET DIAMANT διακρίνονται από τη μοναδική υφή και υψηλή γευστικότητα που τις κάνουν ακαταμάχητες.|https://www.ab.gr/medias/sys_master/h17/h5d/8916542816286.jpg|10
ΑΜΜΟΣ ΥΓΙΕΙΝΗΣ ΓΙΑ ΓΑΤΕΣ 5 ΚGR|Άμμος Υγιεινής για γάτας. 100% φυσικό προϊόν. Έξτρα απορροφητική. Χωρίς πρόσθετα.|https://www.ab.gr/medias/sys_master/hc7/h8e/8918152282142.jpg|10
ΞΗΡΗ ΤΡΟΦΗ ΓΑΤΑΣ ΚΟΤΟΠΟΥΛΟ  ΓΑΛΟΠΟΥΛΑ  ΚΑΙ ΕΛΙΕΣ  2 ΚGR|Το FRISKIES με Κοτόπουλο, Γαλοπούλα και πρόσθετες ελιές αποτελεί μία εύγευστη  και 100% πλήρη διατροφή παρασκευασμένη με επιλεγμένα ποιοτικά συστατικά. Υποστηρίζει το μυϊκό τόνο χάρη στις πρωτεΐνες υψηλής ποιότητας που περιέχει. Το FRISKIES υποστηρίζει, επίσης, τα υγιή δόντια και οστά, προσφέροντας τα απαραίτητα ανόργανα άλατα και βιταμίνη D, ενώ, παράλληλα, η σωστή ισορροπία των ανόργανων αλάτων συμβάλλει στην υγεία του ουροποιητικού συστήματος. Η μοναδική προσωπικότητα της γάτας σας   φέρνει στο σπίτι σας κάτι πολύ ξεχωριστό, προσθέτοντας χαρά  στη ζωή  όλης της οικογένειας. Γι αυτό  η FRISKIES της προσφέρει την τροφή που προτιμά αλλά και χρειάζεται, έτσι ώστε  να μπορεί να συνεχίσει να σας εκπλήσσει και να σας προσφέρει ευχαρίστηση κάθε μέρα.|https://www.ab.gr/medias/sys_master/h9a/h6e/8916887568414.jpg|10
BALANCE ΞΗΡΗ ΤΡΟΦΗ ΓΙΑ ΕΝΗΛΙΚΟΥΣ ΣΚΥΛΟΥΣ ΚΟΤΟΠΟΥΛΟ ΚΑΙ ΠΡΟΣΘΕΤΑ ΛΑΧΑΝΙΚΑ 4 ΚGR|Για περισσότερα από 80 χρόνια τα PURINA® Friskies® βοηθούν ολόκληρες γενιές σκύλων συντροφιάς να διατηρούνται ευτυχισμένες και γεμάτες ζωντάνια. Αγαπάτε το σκύλο σας και τη χαρά που προσφέρει στην οικογένειά σας, για αυτό θέλετε να είστε σίγουροι ότι θα είναι πάντα ζωηρός, σε εγρήγορση και γεμάτος ζωντάνια. Για αυτό το λόγο οι κτηνίατροι καιbοι διατροφολόγοι της PURINA δημιούργησαντα PURINA® Friskies® Nutri Soft, μια 100% πλήρης και ισορροπημένη τροφή για σκύλους, παρασκευασμένη αποκλειστικά από πολύ γευστικά κομμάτια με βοδινό.|https://www.ab.gr/medias/sys_master/h98/hac/8916547403806.jpg|10
MINI MENU ΞΗΡΗ ΤΡΟΦΗ ΓΙΑ ΕΝΗΛΙΚΟΥΣ ΜΙΚΡΟΣΩΜΟΥΣ ΣΚΥΛΟΥΣ ΒΟΔΙΝΟ 1,5 KGR|Αγαπάτε το σκύλο σας και τη χαρά πουπροσφέρει στην οικογένειά σας, για αυτόθέλετε να είστε σίγουροι ότι θα είναι πάνταζωηρός, σε εγρήγορση και γεμάτοςζωντάνια. Για αυτό το λόγο οι κτηνίατροι καιοι διατροφολόγοι της PURINA δημιούργησαντα PURINA® Friskies®VitaFit(TM) Balance, μιαγευστική και πλήρης συνταγή με κοτόπουλοκαι πρόσθετα λαχανικά, συνδυασμένη μεδημητριακά ολικής άλεσης, βιταμίνες Β καιΩμέγα 3 & 6 λιπαρά οξέα. Τα PURINA®Friskies® Balance είναι πηγή ποιοτικώνπρωτεϊνών και όλων των άλλων θρεπτικώνσυστατικών που χρειάζεται ο σκύλος σας γιανα ζήσει μια χαρούμενη και υγιή ζωή με τηνοικογένεια σας.|https://www.ab.gr/medias/sys_master/he9/h17/8916834680862.jpg|10
PERLE ΓΑΤΟΤΡΟΦΗ ΨΑΡΙΑ ΩΚΕΑΝΟΥ ΚΑΙ ΓΑΡΙΔΕΣ  85 GR|Η γάτα σας είναι ένας αληθινός γευσιγνώστης και δεν είναι πάντοτε εύκολο να την δελεάσετε. Γι αυτό το λόγο η GOURMET PERLE δημιούργησε τη σειρά Συνταγές της Θάλασσας: εκλεπτυσμένες συνταγές που θα προσφέρουν στη γάτα σας καθημερινά μια ακαταμάχητη γευστική εμπειρία. Η GOURMET PERLE με Ψάρια του Ωκεανού και Γαρίδες είναι μία πλήρης τροφή για ενήλικες γάτες. Λεπτά φιλετάκια με ψάρι, ελαφρά μαγειρεμένα με την αρωματική σάλτσα τους θα ικανοποιήσουν και τους πιο απαιτητικούς ουρανίσκους. Φιλετάκια σε Σάλτσα με Λαχανικά από την GOURMET PERLE: γευστικοί πειρασμοί για μια μοναδική γευστική εμπειρία κάθε μέρα.|https://www.ab.gr/medias/sys_master/hc2/h56/8932542611486.jpg|10
ΑΜΜΟΣ ΥΓΙΕΙΝΗΣ LITTER 10 LT|Αποτελείται από κρυσταλλικούς κόκκους που κατασκευάζονται από χαλαζιακή άμμο και κιμωλία. Λευκοί κόκκοι που απορροφούν και κλειδώνουν μακριά την υγρασία. Δεν δημιουργεί σκόνη. Άψογος έλεγχος οσμών.|https://www.ab.gr/medias/sys_master/h2c/hfa/8830403870750.jpg|10
ΓΑΤΟΤΡΟΦΗ ALU ΒΟΔΙΝΟ (ΑΛΟΥΜΙΝΙΟ) 100 GR|Πλήρης ζωοτροφή για γάτες με  βοδινό.|https://www.ab.gr/medias/sys_master/hf2/hac/8917806514206.jpg|10
ΓΑΤΟΤΡΟΦΗ SENIOR ΣΕ ΣΑΛΤΣΑ ΦΑΚΕΛΑΚΙ 100 GR||https://www.ab.gr/medias/sys_master/h29/h01/8854146383902.jpg|10
ΓΑΤΟΤΡΟΦΗ ΜΕ ΚΟΤΟΠΟΥΛΟ 85 GR||https://www.ab.gr/medias/sys_master/h8d/h06/8923778088990.jpg|10
ΓΑΤΟΤΡΟΦΗ ΜΕ ΚΟΤΟΠΟΥΛΟ ΣΕ ΖΕΛΕ 100 GR|Τα FELIX As Good As It Looks είναι μια σειρά από νόστιμα γεύματα με τέτοια όψη και μυρωδιά κρέατος που μοιάζουν σαν το φαγητό που έχετε μαγειρέψει εσείς. Είναι ειδικά παρασκευασμένα με αληθινά, τρυφερά κομμάτια κρέατος σε ζουμερό ζελέ έτσι ώστε  η γάτα σας να βρίσκει ακαταμάχητο κάθε γεύμα της. Τα FELIX As Good As It Looks διατίθενται σε μια μεγάλη σειρά γεύσεων με ψάρι και κρέας για να ικανοποιούν  την αγάπη της γάτας σας για ποικιλία. Όμως δεν είναι μόνον αυτό! Αυτά τα απολαυστικά γεύματα  είναι πηγή των απαραίτητων λιπαρών οξέων Ωμέγα 6 και έχουν τον σωστό συνδυασμό ισορροπημένων ανόργανων αλάτων και βιταμινών -  έτσι ώστε, όταν προσφέρονται με βάση τις οδηγίες διατροφής της συσκευασίας, να ικανοποιούν το 100% των καθημερινών αναγκών της γάτας σας.|https://www.ab.gr/medias/sys_master/h2e/hea/8933003526174.jpg|10
ΓΑΤΟΤΡΟΦΗ ΜΠΟΥΚΙΕΣ ΨΑΡΙ 415 GR|Πλήρης ζωοτροφή για γάτες, μπουκιές με σάλτσα, με ψάρι.|https://www.ab.gr/medias/sys_master/h45/h1a/8918033367070.jpg|10
ΞΗΡΑ ΤΡΟΦΗ ΓΑΤΑΣ FRISKIES ΒΟΔΙΝΟ ΚΟΤΟΠΟΥΛΟ ΚΑΙ ΛΑΧΑΝΙΚΑ 2 ΚGR|Το FRISKIES με Βοδινό, Κοτόπουλο και πρόσθετα Λαχανικά αποτελεί μία εύγευστη  και 100% πλήρη διατροφή παρασκευασμένη με επιλεγμένα ποιοτικά συστατικά. Υποστηρίζει το μυϊκό τόνο χάρη στις πρωτεΐνες υψηλής ποιότητας που περιέχει. Το FRISKIES υποστηρίζει, επίσης, τα υγιή δόντια και οστά, προσφέροντας τα απαραίτητα ανόργανα άλατα και βιταμίνη D, ενώ, παράλληλα, η σωστή ισορροπία των ανόργανων αλάτων συμβάλλει στην υγεία του ουροποιητικού συστήματος. Η μοναδική προσωπικότητα της γάτας σας   φέρνει στο σπίτι σας κάτι πολύ ξεχωριστό, προσθέτοντας χαρά  στη ζωή  όλης της οικογένειας. Γι αυτό  η FRISKIES της προσφέρει την τροφή που προτιμά αλλά και χρειάζεται, έτσι ώστε  να μπορεί να συνεχίσει να σας εκπλήσσει και να σας προσφέρει ευχαρίστηση κάθε μέρα.|https://www.ab.gr/medias/sys_master/hc1/hc0/8916883505182.jpg|10
ΞΗΡΑ ΤΡΟΦΗ ΓΑΤΑΣ ΒΟΔΙΝΟ,ΚΟΤΟΠΟΥΛΟ ΚΑΙ ΣYKΩΤΙ 400 GR|Aποτελεί μία εύγευστη  και 100% πλήρη διατροφή παρασκευασμένη με επιλεγμένα ποιοτικά συστατικά. Υποστηρίζει το μυϊκό τόνο χάρη στις πρωτεΐνες υψηλής ποιότητας που περιέχει.Υποστηρίζει τα υγιή δόντια και οστά, προσφέροντας τα απαραίτητα ανόργανα άλατα και βιταμίνη D.Η σωστή ισορροπία των ανόργανων αλάτων συμβάλλει στην υγεία του ουροποιητικού συστήματος|https://www.ab.gr/medias/sys_master/h86/hf0/8916878196766.jpg|10
ΞΗΡΑ ΤΡΟΦΗ ΓΙΑ ΓΑΤΕΣ ΚΟΤΟΠΟΥΛΟ 350 ΓΡ||https://www.ab.gr/medias/sys_master/h8f/hc1/8854155231262.jpg|10
ΡΥΖΙ ΣΚΥΛΩΝ ΚΟΜΜΕΝΟ 2 ΚGR|Ρύζι κομμένο για σκύλους.|https://www.ab.gr/medias/sys_master/he6/h3a/8918158180382.jpg|10
ΣΚΥΛΟΤΡΟΦΗ ΣΕ ΚΟΝΣΕΡΒΑ ΚΟΤΟΠΟΥΛΟ 1.230 GR|Πλήρης ζωοτροφή για σκύλους, μπουκιές με σάλτσα, με κοτόπουλο.|https://www.ab.gr/medias/sys_master/h3f/hac/8918139174942.jpg|10
DENTALIFE ΜΕΣΑΙΟΙ ΣΚΥΛΟΙ 115 GR||https://www.ab.gr/medias/sys_master/h6e/h26/8933664129054.jpg|10
ΓΑΤΟΤΡΟΦΗ ΚΟΤΟΠΟΥΛΟ 400 GR|Γατοτροφή με κοτόπουλο σε σάλτσα. Χωρίς πρόσθετα συντηρητικά, τεχνητά αρώματα και χρωστικές.|https://www.ab.gr/medias/sys_master/hc6/hbd/8825602244638.jpg|10
ΞΗΡΑ ΤΡΟΦΗ ΓΙΑ ΓΑΤΕΣ ΚΟΤΟΠΟΥΛΟ 2 ΚΛ||https://www.ab.gr/medias/sys_master/h93/h37/8854137339934.jpg|10
ΣΚΥΛΟΤΡΟΦΗ ΣΕ ΚΟΝΣΕΡΒΑ ΓΑΛΟΠΟΥΛΑ ΚΟΤΟΠΟΥΛΟ 300 GR|Η Pedigree υποστηρίζει με πάθος την υγεία και την ευτυχία των σκύλων μέσω της απολαυστικής διατροφής. Κάθε δισκάκι Pedigree έχει δημιουργηθεί για να καλύπτει όλες τις διατροφικές ανάγκες του σκύλου σας.|https://www.ab.gr/medias/sys_master/haa/h0e/8918175285278.jpg|10
ΣΚΥΛΟΤΡΟΦΗ ΣΕ ΚΟΝΣΕΡΒΑ ΚΥΝΗΓΙ 1240 GR|Πλήρης τροφή για ενήλικους σκύλους από την 365. Μπουκιές σε σάλτσα με κυνήγι.|https://www.ab.gr/medias/sys_master/h4e/h09/8835743645726.jpg|10
ΑΜΜΟΣ ΥΓΙΕΙΝΗΣ ΓΙΑ ΓΑΤΕΣ ΑΠΛΗ  5 ΚGR|Η ΑΜΜΟΣ ΥΓΙΕΙΝΗΣ FRISKIES είναι ένα 100% φυσικό προϊόν που  δεν κολλά στο τρίχωμα και στα πόδια του ζώου. Επιπλέον είναι υπεραπορροφητική καθώς τα 5 κιλά άμμου υγιεινής FRISKIES απορροφούν περίπου 8 λίτρα υγρού.|https://www.ab.gr/medias/sys_master/h63/h1d/8828551790622.jpg|10
ΓΑΤΟΤΡΟΦΗ ΚΟΤΟΠΟΥΛΟ 400 GR|Κάθε συνταγή έχει δημιουργηθεί ειδικά ώστε να παρέχει στη γάτα σας τη σωστή ισορροπία θρεπτικών συστατικών σε κάθε γεύμα. Και με τέτοια ποικιλία γεύσεων, σίγουρα οι κονσέρβες WHISKAS δε θα αφήσουν ασυγκίνητη και την πιο εκλεκτική γάτα!|https://www.ab.gr/medias/sys_master/ha8/hc6/8918056960030.jpg|10
ΞΗΡΑ ΤΡΟΦΗ ΓΑΤΑΣ ΚΟΥΝΕΛΙ.ΚΟΤΟΠΟΥΛΟ. ΛΑΧΑΝΙΚΑ  2 ΚGR|Aποτελεί μία εύγευστη  και 100% πλήρη διατροφή παρασκευασμένη με επιλεγμένα ποιοτικά συστατικά. Υποστηρίζει το μυϊκό τόνο χάρη στις πρωτεΐνες υψηλής ποιότητας που περιέχει.Υποστηρίζει τα υγιή δόντια και οστά, προσφέροντας τα απαραίτητα ανόργανα άλατα και βιταμίνη D.Η σωστή ισορροπία των ανόργανων αλάτων συμβάλλει στην υγεία του ουροποιητικού συστήματος|https://www.ab.gr/medias/sys_master/h98/h78/8916854013982.jpg|10
ΞΗΡΑ ΤΡΟΦΗ ΓΑΤΑΣ ΜΕ ΚΟΥΝΕΛΙ, ΚΟΤΟΠΟΥΛΟ ΚΑΙ ΛΑΧΑΝΙΚΑ 400 GR|Aποτελεί μία εύγευστη  και 100% πλήρη διατροφή παρασκευασμένη με επιλεγμένα ποιοτικά συστατικά. Υποστηρίζει το μυϊκό τόνο χάρη στις πρωτεΐνες υψηλής ποιότητας που περιέχει.Υποστηρίζει τα υγιή δόντια και οστά, προσφέροντας τα απαραίτητα ανόργανα άλατα και βιταμίνη D.Η σωστή ισορροπία των ανόργανων αλάτων συμβάλλει στην υγεία του ουροποιητικού συστήματος|https://www.ab.gr/medias/sys_master/hd1/h61/8916889141278.jpg|10
ΞΗΡΑ ΤΡΟΦΗ ΓΑΤΑΣ ΨΑΡΙ, ΛΑΧΑΝΙΚΑ ΚΑΙ ΚΑΡΟΤΑ 2 KGR|Ολοκληρωμένη γατοτροφή, κροκέτες με ψάρι, καρότα και πράσινα λαχανικά.|https://www.ab.gr/medias/sys_master/h64/h62/8838242074654.jpg|10
ΞΗΡΑ ΤΡΟΦΗ ΣΚΥΛΟΥ ΒΟΔΙNO ΚΑΡΟΤΟ ΛΑΧΑΝΙΚΑ 10 ΚGR|Πλήρης ζωοτροφή για σκύλους, κροκέτες με βοδινό, δημητριακά και πράσινα λαχανικά.|https://www.ab.gr/medias/sys_master/h58/h34/8889635667998.jpg|10
ΣΚΥΛΟΤΡΟΦΗ ΣΕ ΚΟΝΣΕΡΒΑ ΚΟΤΟΠΟΥΛΟ ΜΟΣΧΑΡΙ 300 GR|Η Pedigree υποστηρίζει με πάθος την υγεία και την ευτυχία των σκύλων μέσω της απολαυστικής διατροφής. Κάθε δισκάκι Pedigree έχει δημιουργηθεί για να καλύπτει όλες τις διατροφικές ανάγκες του σκύλου σας.|https://www.ab.gr/medias/sys_master/h24/h48/8838681427998.jpg|10
ΓΑΤΟΤΡΟΦΗ ΒΟΔΙΝΟ ΣΥΚΩΤΙ 400 GR|Πλήρης ζωοτροφή για γάτες, μπουκιές με σάλτσα, με βοδινό και συκώτι.|https://www.ab.gr/medias/sys_master/h67/hc6/8918045949982.jpg|10
ΓΑΤΟΤΡΟΦΗ ΚΟΤΟΠΟΥΛΟ ΚΑΙ ΓΑΛΟΠΟΥΛΑ 85 GR|Πλήρης ζωοτροφή για γάτες με κοτόπουλο και γαλοπούλα.|https://www.ab.gr/medias/sys_master/hce/hef/8918055387166.jpg|10
ΣΝΑΚ ΓΑΤΑΣ ANTIHAIR BALL 60 GR|Επιτέλους, ήρθαν και στην Ελλάδα τα νέα σνακ Whiskas που θα ξετρελάνουν όλες τις γάτες. Ακαταμάχητα νόστιμες κροκέτες με μαλακή γέμιση και τραγανή επικάλυψη που καμιά γάτα δε μπορεί να αντισταθεί!|https://www.ab.gr/medias/sys_master/hf3/h4d/8828959162398.jpg|10
ΤΡΟΦΗ ΓΙΑ ΚΑΤΟΙΚΙΔΙΑ ΚΟΤΟΠΟΥΛΟ 150ΓΡ||https://www.ab.gr/medias/sys_master/h5d/hf3/8941679869982.jpg|10
ΓΑΤΟΤΡΟΦΗ ΜΟΣΧΑΡΙ 400 GR|Γατοτροφή με μοσχάρι σε σάλτσα. Χωρίς πρόσθετα συντηρητικά, τεχνητά αρώματα και χρωστικές.|https://www.ab.gr/medias/sys_master/h0a/hc0/8825621250078.jpg|10
ΓΑΤΟΤΡΟΦΗ ΠΑΤΕ ΚΟΤΟΠΟΥΛΟ ΜΕ ΛΑΧΑΝΙΚΑ 400 GR|ΕΥΓΕΥΣΤΕΣ ΣΥΝΤΑΓΕΣ παρασκευασμένες με επιλεγμένα ποιοτικά συστατικά.                                        Η μοναδική προσωπικότητα της γάτας σας   φέρνει στο σπίτι σας κάτι πολύ ξεχωριστό, προσθέτοντας χαρά  στη ζωή  όλης της οικογένειας. Η Υπόσχεση  Friskies είναι η  δέσμευση μας απέναντι σας,  που εγγυάται : Μια σειρά προϊόντων με εξαιρετική γεύση                     Προσφέρει 100 % πλήρη και ισορροπημένη διατροφή παρασκευασμένη με επιλεγμένα ποιοτικά συστατικάΠαρασκευασμένη από τους ειδικούς της Purina που χρησιμοποιούν μια μεγαλύτερη από 85 χρόνια   εμπειρία στη διατροφή των κατοικιδίων.|https://www.ab.gr/medias/sys_master/hd0/h3c/8932548247582.jpg|10
ΓΑΤΟΤΡΟΦΗ ΣΕ ΣΑΛΤΣΑ ΓΙΑ ΓΑΤΑΚΙΑ ΦΑΚΕΛΑΚΙ 100 GR||https://www.ab.gr/medias/sys_master/h66/hfe/8854157000734.jpg|10
ΞΗΡΑ ΤΡΟΦΗ ΓΑΤΑΣ ΒΟΔΙΝΟ, ΚΑΡΟΤΑ ΚΑΙ ΛΑΧΑΝΙΚΑ 2 ΚGR|Ολοκληρωμένη γατοτροφή, κροκέτες με βοδινό, καρότα και πράσινα λαχανικά.|https://www.ab.gr/medias/sys_master/h5f/h05/8918132621342.jpg|10
ΣΚΥΛΟΤΡΟΦΗ PUPPY ALU ΚΟΤΟΠΟΥΛΟ (ΑΛΟΥΜΙΝΙΟ) 300 GR|Πλήρης τροφή για κουτάβια με κοτόπουλο.|https://www.ab.gr/medias/sys_master/h5f/h1a/8918173450270.jpg|10
ΣΚΥΛΟΤΡΟΦΗ ΣΕ ΚΟΝΣΕΡΒΑ ΜΠΟΥΚΙΕΣ ΑΡΝΙ ΡΥΖΙ 1.230 GR|Πλήρης ζωοτροφή για σκύλους, μπουκιές με σάλτσα, με αρνί και ρύζι.|https://www.ab.gr/medias/sys_master/hfc/h41/8918039658526.jpg|10
ΣΚΥΛΟΤΡΟΦΗ ΣΕ ΚΟΝΣΕΡΒΑ ΜΠΟΥΚΙΕΣ ΚΡΕΑΣ 1.230 GR|Πλήρης ζωοτροφή για σκύλους, μπουκιές με σάλτσα, με κρέας.|https://www.ab.gr/medias/sys_master/he8/hd9/8918038085662.jpg|10
ΣΝΑΚ ΓΑΤΑΣ ΣΟΛΟΜΟΣ 60 GR|Επιτέλους, ήρθαν και στην Ελλάδα τα νέα σνακ Whiskas που θα ξετρελάνουν όλες τις γάτες. Ακαταμάχητα νόστιμες κροκέτες με μαλακή γέμιση και τραγανή επικάλυψη που καμιά γάτα δε μπορεί να αντισταθεί!|https://www.ab.gr/medias/sys_master/h5e/hcc/8830019633182.jpg|10
ACTIVE ΞΗΡΑ ΤΡΟΦΗ ΣΚΥΛΟΥ ΜΕ ΒΟΔΙΝΟ  1,5 KGR|PURINA® Friskies® Vitafit (ΤΜ): για σκύλους γεμάτους ζωντάνια! Για περισσότερα από 80 χρόνια τα PURINA®Friskies® βοηθούν ολόκληρες γενιές σκύλων συντροφιάς να διατηρούνται ευτυχισμένες και  γεμάτες ζωντάνια. Αγαπάτε το σκύλο σας και τη χαρά που προσφέρει στην οικογένειά σας, για αυτό θέλετε να είστε σίγουροι ότι θα είναι πάντα ζωηρός, σε εγρήγορση και γεμάτος ζωντάνια. Για αυτό το λόγο οι κτηνίατροι και οι διατροφολόγοι της PURINA δημιούργησαν  τα PURINA® Friskies® Vitafit(TM) Active, μια γευστική και πλήρης συνταγή με βοδινό, συνδυασμένη με δημητριακά ολικής άλεσης, βιταμίνες Β και Ωμέγα 3 & 6 λιπαρά οξέα,ειδικά σχεδιασμένη για σκύλους γεμάτουςενέργεια που θέλουν συνεχώς να παίζουν.|https://www.ab.gr/medias/sys_master/hd1/h7a/8916551204894.jpg|10
ΓΑΤΟΤΡΟΦΗ ALU ΓΑΛΟΠΟΥΛΑ ΚΟΤΟΠΟΥΛΟ (ΑΛΟΥΜΙΝΙΟ) 100 GR|Πλήρης ζωοτροφή για γάτες με κοτόπουλο και γαλοπούλα.|https://www.ab.gr/medias/sys_master/h17/h78/8917803106334.jpg|10
ΓΑΤΟΤΡΟΦΗ ΚΥΝΗΓΙ ΚΑΙ ΚΟΤΟΠΟΥΛΟ 400 GR|Πλήρης ζωοτροφή για γάτες, μπουκιές με σάλτσα, με κοτόπουλο και κυνήγι.|https://www.ab.gr/medias/sys_master/hb6/hfe/8918047522846.jpg|10
ΓΑΤΟΤΡΟΦΗ ΦΙΛΕΤΑΚΙΑ ΤΟΝΟΥ 80 GR||https://www.ab.gr/medias/sys_master/ha7/h2b/8854133538846.jpg|10
ΝΥΧΟΚΟΠΤΗΣ ΣΚΥΛΟΥ 1 ΤΕΜ|Νυχοκόπτης σκύλου σχεδιασμένος για μικρού έως μεσαίου μεγέθους σκύλους.|https://www.ab.gr/medias/sys_master/h43/h76/8837857837086.jpg|10
ΞΗΡΑ ΤΡΟΦΗ ΓΑΤΑΣ IN HOΜΕ ΚΟΤΟΠΟΥΛΟ 750 GR|Οι γάτες που περνούν πολύ χρόνο μέσα στο σπίτι χρειάζονται ειδική φροντίδα. Γι΄ αυτό το Perfect Fit In-Home είναι μια τροφή υψηλής ποιότητας, ειδικά σχεδιασμένη για να κάνει τους λάτρεις του σαλονιού να φαίνονται και να αισθάνονται υπέροχα. Για τους λάτρεις του σαλονιού.|https://www.ab.gr/medias/sys_master/h76/hf2/8830339186718.jpg|10
ΞΗΡΑ ΤΡΟΦΗ ΓΙΑ ΣΤΕΙΡΩΜΕΝΕΣ ΓΑΤΕΣ ΜΕ ΚΟΥΝΕΛΙ ΚΑΙ ΠΡΟΣΘΕΤΑ ΛΑΧΑΝΙΚΑ 1,5 KGR|Ειδικά παρασκευασμένη για Στειρωμένες γάτες. Οι γάτες μετά τη στείρωση έχουν μεγαλύτερη τάση αύξησης του βάρους τους και μπορεί να εκδηλώσουν προβλήματα του ουροποιητικού συστήματος. Η Friskies για Στειρωμένες γάτες είναι μια 100% πλήρης και ισορροπημένη διατροφή, ειδικά παρασκευασμένη για να ανταποκρίνεται στις ανάγκες της στειρωμένης γάτας και να υποστηρίζει την υγεία της. Με μια ισορροπημένη αναλογία πρωτεΐνης και λίπους βοηθά στη διατήρηση του ιδανικού βάρους της γάτας σας. Η καλή ισορροπία ανόργανων αλάτων και βιταμινών προάγει υγιές ουροποιητικό σύστημα και υποστηρίζει τις φυσικές άμυνες της γάτας σας.Η  Friskies για Στειρωμένες γάτες υποστηρίζει την υγεία, τη ζωντάνια και την ευτυχία της γάτας σας -  έτσι ώστε  να μπορεί να συνεχίσει να σας εκπλήσσει και να σας προσφέρει ευχαρίστηση κάθε μέρα!|https://www.ab.gr/medias/sys_master/hc9/h27/8916874133534.jpg|10
ΞΗΡΑ ΤΡΟΦΗ ΣΚΥΛΟΥ NUTRI ΣΟΦΤ ΒΟΔΙΝΟ 3 ΚGR|Για περισσότερα από 80 χρόνια τα PURINA® Friskies® βοηθούν ολόκληρες γενιές σκύλων συντροφιάς να διατηρούνται ευτυχισμένες και γεμάτες ζωντάνια. Αγαπάτε το σκύλο σας και τη χαρά που προσφέρει στην οικογένειά σας, για αυτό θέλετε να είστε σίγουροι ότι θα είναι πάντα ζωηρός, σε εγρήγορση και γεμάτος ζωντάνια. Για αυτό το λόγο οι κτηνίατροι καιbοι διατροφολόγοι της PURINA δημιούργησαντα PURINA® Friskies® Nutri Soft, μια 100% πλήρης και ισορροπημένη τροφή για σκύλους, παρασκευασμένη αποκλειστικά από πολύ γευστικά κομμάτια με βοδινό.|https://www.ab.gr/medias/sys_master/h56/hc1/8916885995550.jpg|10
ΣΚΥΛΟΤΡΟΦΗ ALU ΓΑΛΟΠΟΥΛΑ (ΑΛΟΥΜΙΝΙΟ) 300 GR|Πλήρης ζωοτροφή για σκύλους με  γαλοπούλα.|https://www.ab.gr/medias/sys_master/h37/hcc/8918162833438.jpg|10
ΣΚΥΛΟΤΡΟΦΗ ΣΕ ΚΟΝΣΕΡΒΑ ΑΡΝΙ ΚΟΤΟΠΟΥΛΟ 400 GR|Πλήρης ζωοτροφή για σκύλους, μπουκιές με σάλτσα, με αρνί και κοτόπουλο.|https://www.ab.gr/medias/sys_master/h08/ha5/8918041231390.jpg|10
ΣΚΥΛΟΤΡΟΦΗ ΣΕ ΚΟΝΣΕΡΒΑ ΒΟΔΙΝΟ ΚΟΤΟΠΟΥΛΟ 300 GR|Πλήρης ζωοτροφή για σκύλους με  βοδινό και κοτόπουλο.|https://www.ab.gr/medias/sys_master/h88/h6a/8918163750942.jpg|10
JUNIOR ΞΗΡΗ ΤΡΟΦΗ ΓΙΑ ΚΟΥΤΑΒΙΑ ΜΕ ΚΟΤΟΠΟΥΛΟ, ΠΡΟΣΘΕΤΟ ΓΑΛΑ ΚΑΙ ΛΑΧΑΝΙΚΑ 1,5 KGR|Για κουτάβια >6 εβδομάδωνΓια υγιή ανάπτυξηΓια υγιή δόντια και οστά|https://www.ab.gr/medias/sys_master/hb7/h92/8916557758494.jpg|10
ΓΑΤΟΤΡΟΦΗ ΑΡΝΑΚΙ 400 GR|Κάθε συνταγή έχει δημιουργηθεί ειδικά ώστε να παρέχει στη γάτα σας τη σωστή ισορροπία θρεπτικών συστατικών σε κάθε γεύμα. Και με τέτοια ποικιλία γεύσεων, σίγουρα οι κονσέρβες WHISKAS δε θα αφήσουν ασυγκίνητη και την πιο εκλεκτική γάτα!|https://www.ab.gr/medias/sys_master/h18/h80/8838702465054.jpg|10
ΓΑΤΟΤΡΟΦΗ ΑΡΝΙ ΚΑΡΔΙΑ 400 GR|Πλήρης ζωοτροφή για γάτες, μπουκιές με σάλτσα, με βοδινή καρδιά και αρνί.|https://www.ab.gr/medias/sys_master/h10/h47/8918036512798.jpg|10
ΓΑΤΟΤΡΟΦΗ ΜΟΣΧΑΡΙ ΚΑΙ ΣΥΚΩΤΙ 85 GR|Πλήρης ζωοτροφή για γάτες με πατέ μοσχαριού και συκώτι.|https://www.ab.gr/medias/sys_master/h0e/ha3/8918052241438.jpg|10
ΞΗΡΑ ΤΡΟΦΗ ΓΑΤΑΣ INDOOR ΓΑΛΟΠΟΥΛΑ  800 GR|Για γάτες που ζουν μέσα στο σπίτι.Η PURINA ONE Indoor Formula είναι ειδικάσχεδιασμένη για γάτες που ζουν κυρίως μέσαστο σπίτι και μπορεί να χρησιμοποιηθεί γιανα ελαχιστοποιήσει το σχηματισμότριχοβεζωαρίων.x2 απομάκρυνση των τριχών από το στομάχισε 14 ημέρες|https://www.ab.gr/medias/sys_master/h2b/hf3/8917180186654.jpg|10
ΣΚΥΛΟΤΡΟΦΗ ΣΕ ΚΟΝΣΕΡΒΑ ΒΟΔΙΝΟ ΚΟΤΟΠΟΥΛΟ 400 GR|Πλήρης ζωοτροφή για σκύλους, μπουκιές με σάλτσα, με βοδινό και κοτόπουλο.|https://www.ab.gr/medias/sys_master/hf0/hdd/8918050668574.jpg|10
ΣΚΥΛΟΤΡΟΦΗ ΣΕ ΚΟΝΣΕΡΒΑ ΚΥΝΗΓΙ 1.230 GR|Πλήρης ζωοτροφή για σκύλους, μπουκιές με σάλτσα, με κυνήγι.|https://www.ab.gr/medias/sys_master/h10/h6c/8918135111710.jpg|10
ΤΡΟΦΗ ΓΙΑ ΚΟΥΝΕΛΙΑ 600 GR|Πλήρης ζωοτροφή για κατοικίδια κουνέλια.|https://www.ab.gr/medias/sys_master/he0/h06/8840945041438.jpg|10
ΤΡΟΦΗ ΓΙΑ ΠΑΠΑΓΑΛΑΚΙΑ 500 GR|Πλήρης τροφή για παπαγάλους. Χωρίς ζάχαρη.|https://www.ab.gr/medias/sys_master/h34/hf1/8841005793310.jpg|10
ΤΡΟΦΗ ΣΚΥΛΟΥ ΣΚΥΛΟΥ ΚΟΥΤΑΒΙ ΚΟΤΟΠΟΥΛΟ 3KG||https://www.ab.gr/medias/sys_master/hab/h3c/8854150316062.jpg|10
NUTRI SOFT ΞΗΡΗ ΤΡΟΦΗ ΓΙΑ ΕΝΗΛΙΚΟΥΣ ΣΚΥΛΟΥΣ ΜΕ ΜΑΛΑΚΕΣ ΚΡΟΚΕΤΕΣ ΒΟΔΙΝΟ 1,5 KGR|Για περισσότερα από 80 χρόνια τα PURINA®Friskies® βοηθούν ολόκληρες γενιές σκύλωνσυντροφιάς να διατηρούνται ευτυχισμένες καιγεμάτες ζωντάνια.Αγαπάτε το σκύλο σας και τη χαρά πουπροσφέρει στην οικογένειά σας, για αυτόθέλετε να είστε σίγουροι ότι θα είναι πάνταζωηρός, σε εγρήγορση και γεμάτοςζωντάνια. Για αυτό το λόγο οι κτηνίατροι καιοι διατροφολόγοι της PURINA δημιούργησαντα PURINA® Friskies® Nutri Soft, μια 100%πλήρης και ισορροπημένη τροφή για σκύλους,παρασκευασμένη αποκλειστικά από πολύγευστικά κομμάτια με βοδινό.|https://www.ab.gr/medias/sys_master/h9e/h09/8916554940446.jpg|10
ΓΑΤΟΤΡΟΦΗ JUNIOR ΚΟΤΟΠΟΥΛΟ 750 GR|Καθώς τα γατάκια ανακαλύπτουν τις δυνατότητές τους, θα επιδείξουν πολλές διαφορετικές πτυχές της προσωπικότητάς του. Αυτό που χρειάζονται είναι ενίσχυση και προστασία. Γι΄αυτό το Perfevt Fit Junior είναι μια τροφή υψηλής ποιότητας, ειδικά σχεδιασμένη για τις ανάγκες των πιο ατρόμητων εξερευνητών. Για τα παιχνιδιάρικα μικρά.|https://www.ab.gr/medias/sys_master/h7d/h42/8833327333406.jpg|10
ΓΑΤΟΤΡΟΦΗ ΠΑΤΕ ΚΟΥΝΕΛΙ ΜΕ ΛΑΧΑΝΙΚΑ 400 GR|ΕΥΓΕΥΣΤΕΣ ΣΥΝΤΑΓΕΣ παρασκευασμένες με επιλεγμένα ποιοτικά συστατικά.                                        Η μοναδική προσωπικότητα της γάτας σας   φέρνει στο σπίτι σας κάτι πολύ ξεχωριστό, προσθέτοντας χαρά  στη ζωή  όλης της οικογένειας. Η Υπόσχεση  Friskies είναι η  δέσμευση μας απέναντι σας,  που εγγυάται :Μια σειρά προϊόντων με εξαιρετική γεύση                     Προσφέρει 100 % πλήρη και ισορροπημένη διατροφή παρασκευασμένη με επιλεγμένα ποιοτικά συστατικάΠαρασκευασμένη από τους ειδικούς της Purina που χρησιμοποιούν μια μεγαλύτερη από 85 χρόνια   εμπειρία στη διατροφή των κατοικιδίων.|https://www.ab.gr/medias/sys_master/h46/ha0/8917924642846.jpg|10
ΓΑΤΟΤΡΟΦΗ ΣΟΛOΜΟΣ ΚΑΙ ΤΟΝΟΣ 400 GR|Πλήρης ζωοτροφή για γάτες, μπουκιές με σάλτσα, με σολομό και τόνο.|https://www.ab.gr/medias/sys_master/h25/hfb/8918031794206.jpg|10
ΓΑΤΟΤΡΟΦΗ ΣΤΗΘΟΣ ΚΟΤΟΠΟΥΛΟΥ 80 GR||https://www.ab.gr/medias/sys_master/ha5/hed/8854147563550.jpg|10
ΚΡΑΚΕΡ ΜΕ ΦΡΟΥΤΑ ΓΙΑ ΠΑΠΑΓΑΛΑΚΙΑ ΔΥΟ ΤΕΜΑΧΙΑ 60 GR|Σύνθετη ζωοτροφή για παπαγαλάκια.|https://www.ab.gr/medias/sys_master/h8d/h92/8840951136286.jpg|10
ΜΠΩΛ ΦΑΓΗΤΟΥ ΒΑΜΒΟΟ ΑΝΤΙΟΛΙΣΘΗΤΙΚΟ (1300 ML) 1 ΤΕΜ|Οικολογικό μπωλ bambooμε αντιοληστθητικά πόδια.|https://www.ab.gr/medias/sys_master/he7/he8/8837952012318.jpg|10
ΞΗΡΑ ΤΡΟΦΗ KOTOΠΟΥΛΟ ΓΙΑ ΣΤΕΙΡΩΜΕΝΕΣ 1400 ΓΡ||https://www.ab.gr/medias/sys_master/he3/ha0/8912480960542.jpg|10
ΞΗΡΑ ΤΡΟΦΗ ΣΚΥΛΟΥ ΒΟΔΙΝΟ ΚΑΡΟΤΟ ΚΑΙ ΛΑΧΑΝΙΚΑ 4 ΚGR|Πλήρης ζωοτροφή για σκύλους, κροκέτες με βοδινό, δημητριακά και πράσινα λαχανικά.|https://www.ab.gr/medias/sys_master/h80/hdd/8918137602078.jpg|10
ΞΗΡΑ ΤΡΟΦΗ ΣΚΥΛΟΥ ΠΟΥΛΕΡΙΚΑ,ΔΗΜΗΤΡΙΑΚΑ ΚΑΙ ΠΡΑΣΙΝΑ ΛΑΧΑΝΙΚΑ 10 ΚGR|Πλήρης ζωοτροφή για σκύλους, κροκέτες με βοδινό, δημητριακά και πράσινα λαχανικά.|https://www.ab.gr/medias/sys_master/hd9/h08/8889637240862.jpg|10
ΣΚΥΛΟΤΡΟΦΗ ΣΕ ΚΟΝΣΕΡΒΑ ΒΟΔΙNO ΚΟΤΟΠΟΥΛΟ 1.230 GR|Πλήρης ζωοτροφή για σκύλους, μπουκιές με σάλτσα, με βοδινό και κοτόπουλο.|https://www.ab.gr/medias/sys_master/hcc/hf8/8838658031646.jpg|10
ΣΚΥΛΟΤΡΟΦΗ ΣΕ ΚΟΝΣΕΡΒΑ ΠΟΙΚΙΛΙA 5 ΠΟΥΛΕΡΙΚΩΝ 400 GR|Οι σκύλοι από τη φύση τους λατρεύουν το κρέας! Συνδυάζει τη γεύση που τους αρέσει και τις πρωτεΐνες και το σίδηρο που χρειάζονται. Γι’ αυτό, οι υπέροχες συνταγές του Pedigree με φρέσκο κρέας, είναι ισορροπημένες σε δημητριακά, βιταμίνες και μεταλλικά άλατα και αποτελούν τον πιο φυσικό τρόπο για να είναι ο σκύλος σας γεμάτος υγεία και ζωντάνια.|https://www.ab.gr/medias/sys_master/h96/h7b/8838684770334.jpg|10
ΓΑΤΟΤΡΟΦΗ ALU ΣΟΛΟΜΟΣ (ΑΛΟΥΜΙΝΙΟ) 100 GR|Πλήρης ζωοτροφή για γάτες με σολομού και γαρίδες.|https://www.ab.gr/medias/sys_master/ha2/h34/8917800353822.jpg|10
ΓΑΤΟΤΡΟΦΗ ΚΟΥΝΕΛΙ ΚΑΙ ΚΗΝΥΓΙ 85 GR|Πλήρης ζωοτροφή για γάτες με πατέ κουνελιού και κυνήγι.|https://www.ab.gr/medias/sys_master/haf/h1f/8918049095710.jpg|10
ΓΑΤΟΤΡΟΦΗ ΜΟΣΧΑΡΙ 400 GR|Κάθε συνταγή έχει δημιουργηθεί ειδικά ώστε να παρέχει στη γάτα σας τη σωστή ισορροπία θρεπτικών συστατικών σε κάθε γεύμα. Και με τέτοια ποικιλία γεύσεων, σίγουρα οι κονσέρβες WHISKAS δε θα αφήσουν ασυγκίνητη και την πιο εκλεκτική γάτα!|https://www.ab.gr/medias/sys_master/h94/h81/8838698729502.jpg|10
ΓΑΤΟΤΡΟΦΗ ΤΟΝOΣ ΚΑΙ ΨΑΡΙ ΩΚΕΑΝΟΥ 85 GR|Πλήρης ζωοτροφή για γάτες με πατέ τόνου  και ψάρι ωκεανού.|https://www.ab.gr/medias/sys_master/ha4/h9d/8918044377118.jpg|10
ΞΗΡΑ ΤΡΟΦΗ ΓΙΑ ΓΑΤΕΣ ΜΟΣΧΑΡΙ 2 ΚΛ||https://www.ab.gr/medias/sys_master/h42/h9a/8854136356894.jpg|10
ΞΗΡΑ ΤΡΟΦΗ ΣΚΥΛΟΥ ACTIVE ΒΟΔΙNO 4 ΚGR|Για περισσότερα από 80 χρόνια τα PURINA® Friskies® βοηθούν ολόκληρες γενιές σκύλων συντροφιάς να διατηρούνται ευτυχισμένες και γεμάτες ζωντάνια. Αγαπάτε το σκύλο σας και τη χαρά που προσφέρει στην οικογένειά σας, για αυτό θέλετε να είστε σίγουροι ότι θα είναι πάντα ζωηρός, σε εγρήγορση και γεμάτος ζωντάνια. Για αυτό το λόγο οι κτηνίατροι καιbοι διατροφολόγοι της PURINA δημιούργησαντα PURINA® Friskies® Nutri Soft, μια 100% πλήρης και ισορροπημένη τροφή για σκύλους, παρασκευασμένη αποκλειστικά από πολύ γευστικά κομμάτια με βοδινό.|https://www.ab.gr/medias/sys_master/h37/h1d/8916553367582.jpg|10
ΞΗΡΑ ΤΡΟΦΗ ΣΚΥΛΟΥ ADULT MINI ΜΟΣΧΑΡΙ ΛΑΧΑΝΙΚΑ 1,5 ΚGR|Κάθε μικρόσωμος σκύλος αξίζει να είναι γεμάτος ζωντάνια κάθε μέρα. Για να απολαμβάνει τη δραστήρια ζωή του, ο μικρόσωμος σκύλος χρειάζεται θερμίδες από μία εύπεπτη τροφή, καθώς και βιταμίνες και μεταλλικά στοιχεία για να τα μετατρέψει όλα σε ζωτική ενέργεια. Ειδικά γι’ αυτούς, το Pedigree® Vital ProtectionTM δημιούργησε την ειδική συνταγή για μικρόσωμους σκύλους που είναι ειδικά σχεδιασμένη για να καλύπτει πλήρως τις διατροφικές τους ανάγκες.|https://www.ab.gr/medias/sys_master/ha1/ha3/8925276241950.jpg|10
ΣΚΥΛΟΤΡΟΦΗ ΣΕ ΚΟΝΣΕΡΒΑ ΑΡΝΙ ΚΟΤΟΠΟΥΛΟ 1.230 GR|Πλήρης ζωοτροφή για σκύλους, μπουκιές με σάλτσα, με αρνί και κοτόπουλο.|https://www.ab.gr/medias/sys_master/h12/h3f/8918042804254.jpg|10
ΣΚΥΛΟΤΡΟΦΗ ΣΕ ΚΟΝΣΕΡΒΑ ΚΟΤΟΠΟΥΛΟ 400 GR|Πλήρης ζωοτροφή για σκύλους, μπουκιές με σάλτσα, με κοτόπουλο.|https://www.ab.gr/medias/sys_master/h26/h7b/8918053814302.jpg|10
ΣΝΑΚ ΓΑΤΑΣ ΚΟΤΟΠΟΥΛΟ ΚΑΙ ΤΥΡΙ 60 GR|Επιτέλους, ήρθαν και στην Ελλάδα τα νέα σνακ Whiskas που θα ξετρελάνουν όλες τις γάτες. Ακαταμάχητα νόστιμες κροκέτες με μαλακή γέμιση και τραγανή επικάλυψη που καμιά γάτα δε μπορεί να αντισταθεί!|https://www.ab.gr/medias/sys_master/h46/hcc/8830018846750.jpg|10
ΣΝΑΚ ΣΚΥΛΩΝ 80 GR||https://www.ab.gr/medias/sys_master/h01/h4f/8854144221214.jpg|10
ΥΓΡΗ ΤΡΟΦΗ ΚΟΝΣΕΡΒΑ ΓΙΑ ΕΝΗΛΙΚΟΥΣ ΣΚΥΛΟΥΣ ME ΒΟΔΙΝΟ, ΚΟΤΟΠΟΥΛΟ ΚΑΙ ΛΑΧΑΝΙΚΑ ΣΕ ΣΑΛΤΣΑ 1.2 KGR|100 % Πλήρης διατροφή με απολαυστική γεύση κρέατος.Οι συνταγές Friskies σε κονσέρβα δεν περιέχουν μόνον όλα τα θρεπτικά συστατικά που χρειάζεται ο σκύλος σας. Είναι παρασκευασμένες από νόστιμα συστατικά και είναι πλούσιες σε κρέας για να διασφαλίζεται ότι προσφέρουν στο σκύλο σας τα απολαυστικά γεύματα που του αξίζουν!|https://www.ab.gr/medias/sys_master/h65/hd2/8916891303966.jpg|10
ΥΓΡΗ ΤΡΟΦΗ ΚΟΝΣΕΡΒΑ ΓΙΑ ΕΝΗΛΙΚΟΥΣ ΣΚΥΛΟΥΣ ME ΒΟΔΙΝΟ ΚΟΤΟΠΟΥΛΟ ΛΑΧΑΝΙΚΑ 400 GR|100 % Πλήρης διατροφή με απολαυστική γεύση κρέατος.Οι συνταγές Friskies σε κονσέρβα δεν περιέχουν μόνον όλα τα θρεπτικά συστατικά που χρειάζεται ο σκύλος σας. Είναι παρασκευασμένες από νόστιμα συστατικά και είναι πλούσιες σε κρέας για να διασφαλίζεται ότι προσφέρουν στο σκύλο σας τα απολαυστικά γεύματα που του αξίζουν!|https://www.ab.gr/medias/sys_master/he9/h71/8916850933790.jpg|10
ACTIVE ΥΓΡΗ ΤΡΟΦΗ ΚΟΝΣΕΡΒΑ ΓΙΑ ΕΝΗΛΙΚΟΥΣ ΣΚΥΛΟΥΣ ME ΜΟΣΧΑΡΙ ΠΑΤΕ 400 GR|100 % Πλήρης διατροφή με απολαυστική γεύση κρέατος.Οι συνταγές Friskies σε κονσέρβα δεν περιέχουν μόνον όλα τα θρεπτικά συστατικά που χρειάζεται ο σκύλος σας. Είναι παρασκευασμένες από νόστιμα συστατικά και είναι πλούσιες σε κρέας για να διασφαλίζεται ότι προσφέρουν στο σκύλο σας τα απολαυστικά γεύματα που του αξίζουν!|https://www.ab.gr/medias/sys_master/h20/hc4/8916556513310.jpg|10
ΓΑΤΟΤΡΟΦΗ PARTY MIX MIXED GRILL 60 GR||https://www.ab.gr/medias/sys_master/hbe/h44/8932243111966.jpg|10
ΓΑΤΟΤΡΟΦΗ PARTY MIX OCEAN 60 GR||https://www.ab.gr/medias/sys_master/h32/h8c/8932541693982.jpg|10
ΓΑΤΟΤΡΟΦΗ PARTY MIX ORIGINAL 60 GR||https://www.ab.gr/medias/sys_master/h21/h8d/8933009686558.jpg|10
ΜΑΚΑΡΟΝΙΑ ΣΚΥΛΩΝ ΚΟΜΜΕΝΑ 5 ΚGR|Μακαρόνι κοφτό για σκύλους.|https://www.ab.gr/medias/sys_master/hcc/h5a/8889634095134.jpg|10
ΣΑΜΠΟΥΑΝ XAMOMΗΛΙ 250ML||https://www.ab.gr/medias/sys_master/h94/hf2/8854151299102.jpg|10
ΣΝΑΚ ΓΑΤΑΣ ΜΕ ΚΟΤΟΠΟΥΛΟ 60 GR||https://www.ab.gr/medias/sys_master/h41/hef/8870085492766.jpg|10
ΤΡΟΦΗ ΓΙΑ ΤΡΟΠΙΚΑ ΨΑΡΙΑ 18 GR|Υψηλής ποιότητας τροφή σε νιφάδες που εγγυάται ολοκληρωμένη φροντίδα και ζωτικότητα σε όλα τα τροπικά ψάρια.|https://www.ab.gr/medias/sys_master/h92/ha5/8840942092318.jpg|10
ACTIVE ΣΚΥΛΟΤΡΟΦΗ ΣΕ ΚΟΝΣΕΡΒΑ MOΣΧΑΡΙ ΠΑΤΕ MOΣΧΑΡΙ ΠΑΤΕ 1.2 KGR|100 % Πλήρης διατροφή με απολαυστική γεύση κρέατος.Οι συνταγές Friskies σε κονσέρβα δεν περιέχουν μόνον όλα τα θρεπτικά συστατικά που χρειάζεται ο σκύλος σας. Είναι παρασκευασμένες από νόστιμα συστατικά και είναι πλούσιες σε κρέας για να διασφαλίζεται ότι προσφέρουν στο σκύλο σας τα απολαυστικά γεύματα που του αξίζουν!|https://www.ab.gr/medias/sys_master/heb/hb6/8916892221470.jpg|10
ΒΑΣΙΚΗ ΤΡΟΦΗ ΓΙΑ ΚΑΝΑΡΙΝΙΑ 500 GR|Πλήρης τροφή για καναρίνια. Χωρίς ζάχαρη.|https://www.ab.gr/medias/sys_master/h70/h64/8841006776350.jpg|10
ΓΑΤΟΤΡΟΦΗ ΠΑΤΕ ΜΟΣΧΑΡI ΜΕ ΛΑΧΑΝΙΚΑ  400 GR|ΕΥΓΕΥΣΤΕΣ ΣΥΝΤΑΓΕΣ παρασκευασμένες με επιλεγμένα ποιοτικά συστατικά.                                        Η μοναδική προσωπικότητα της γάτας σας   φέρνει στο σπίτι σας κάτι πολύ ξεχωριστό, προσθέτοντας χαρά  στη ζωή  όλης της οικογένειας. Η Υπόσχεση  Friskies είναι η  δέσμευση μας απέναντι σας,  που εγγυάται :Μια σειρά προϊόντων με εξαιρετική γεύση                     Προσφέρει 100 % πλήρη και ισορροπημένη διατροφή παρασκευασμένη με επιλεγμένα ποιοτικά συστατικάΠαρασκευασμένη από τους ειδικούς της Purina που χρησιμοποιούν μια μεγαλύτερη από 85 χρόνια   εμπειρία στη διατροφή των κατοικιδίων.|https://www.ab.gr/medias/sys_master/hcc/h84/8917925560350.jpg|10
ΚΡΑΚΕΡ ΜΕ ΦΡΟΥΤΑ ΓΙΑ ΚΑΝΑΡΙΝΙΑ ΔΥΟ ΤΕΜΑΧΙΑ 60 GR|Σύνθετη ζωοτροφή για καναρίνια.|https://www.ab.gr/medias/sys_master/h41/had/8841030959134.jpg|10
ΞΗΡΑ ΤΡΟΦΗ ΣΚΥΛΟΥ ΠΟΥΛΕΡΙΚΑ,ΔΗΜΗΤΡΙΑΚΑ ΚΑΙ ΠΡΑΣΙΝΑ ΛΑΧΑΝΙΚΑ 4 ΚGR|Πλήρης ζωοτροφή για σκύλους, κροκέτες με πουλερικά, δημητριακά και πράσινα λαχανικά.|https://www.ab.gr/medias/sys_master/hfe/h82/8917804941342.jpg|10
ΠΟΤΙΣΤΡΑ ΠΟΥΛΙΩΝ 1 ΤΕΜ|Ποτίστρα πουλιών|https://www.ab.gr/medias/sys_master/h3b/h27/8813601980446.jpg|10
ΣΚΥΛΟΤΡΟΦΕΣ  3KG||https://www.ab.gr/medias/sys_master/h9b/he8/8854130196510.jpg|10
ΣΝΑΚ ΓΑΤΑΣ ΜΕ ΣΟΛΟΜΟ 60 GR||https://www.ab.gr/medias/sys_master/h65/h38/8870058360862.jpg|10
ΣΝΑΚ ΓΑΤΑΣ ΜΕ ΤΥΡΙ 60 GR||https://www.ab.gr/medias/sys_master/he4/h96/8870063669278.jpg|10
ΤΡΟΦΗ ΓΑΤΑΣ ΓΑΤΑΣ ΕΝ.HAIRBALL CONTROL ΚΟΤ. 850GR||https://www.ab.gr/medias/sys_master/h49/h77/8854128820254.jpg|10
ΤΡΟΦΗ ΓΙΑ ΧΑΜΣΤΕΡ  500 GR|Πλήρης ζωοτροφή για χάμστερ. Χωρίς ζάχαρη.|https://www.ab.gr/medias/sys_master/h47/h5a/8841041051678.jpg|10
ΤΡΟΦΗ ΓΙΑ ΧΡΥΣΟΨΑΡΑ 15 GR|Ιδανικό για χρυσόψαρα και άλλα ψάρια κρύου νερού. Νιφάδες με φύτρο, σπιρουλίνα και πρωτεΐνες καρκινοειδών. Πλήρης τροφή με συστατικά που προάγουν την υγεία και ενισχύουν την άμυνα του οργανισμού.|https://www.ab.gr/medias/sys_master/hfc/h0a/8840940322846.jpg|10
ΤΡΟΦΗ ΧΕΛΩΝΑΣ ΓΑΡΙΔΑ 35 GR|Μενού με γαρίδες για χελώνες. Μείγμα υψηλής προτεΐνης που προέρχεται από τις γαρίδες και άλλα οστρακόδερμα.|https://www.ab.gr/medias/sys_master/h62/h45/8841042427934.jpg|10
ΚΛΑΔΑΚΙΑ ΓΙΑ ΚΛΟΥΒΙΑ ΠΟΥΛΙΩΝ 1 TEM|Κλαδάκια για κλουβιά πουλιών.|https://www.ab.gr/medias/sys_master/hd0/h53/8846340030494.jpg|10
ΤΑΪΣΤΡΑ ΠΟΥΛΙΩΝ 1 ΤΕΜ|Ταΐστρα πουλιών.|https://www.ab.gr/medias/sys_master/hde/hf4/8908653199390.jpg|10
