ΦΥΣΙΚΟ ΜΕΤΑΛΛΙΚΟ ΝΕΡΟ  6 X 1,5 LT|Το Ανώτερης ποιότητας Φυσικό Μεταλλικό Νερό ΚΟΡΠΗ, χάρη στη μοναδική του σύνθεση σε μέταλλα, καλύπτει τις ανάγκες του οργανισμού για υγιεινή ενυδάτωση και σας προσφέρει ξεχωριστή ζωντάνια και ευεξία.|https://www.ab.gr/medias/sys_master/h09/hf8/8918686662686.jpg|1
ΑΝΑΨΥΚΤΙΚΟ ΚΟΥΤΙ 6 X 330 ML|Γιατί η ζωή έχει τη γεύση που της δίνεις! Ξεχωριστή απόλαυση και ανάλαφρη γεύση με λιγότερο από 1 θερμίδα.  H Coca-Cola light είναι ένα αναψυκτικό χωρίς ζάχαρη, που παρέχει λιγότερο από1 θερμίδα σε κάθε ποτήρι 250ml ή σε κάθε κουτάκι 330ml. Η ζάχαρη έχει αντικατασταθεί από γλυκαντικές ουσίες, όπως η ασπαρτάμη, η ακεσουλφάμη-Κ και το κυκλαμικό οξύ, οι οποίες είναι απολύτως ασφαλείς και αποδίδουν πρακτικά μηδενικές θερμίδες.|https://www.ab.gr/medias/sys_master/hd6/h08/8890363838494.jpg|1
ΑΝΑΨΥΚΤΙΚΟ ΚΟΥΤΙ 6 X 330 ML|<p>Το αδύνατο που γίνεται δυνατό! H αυθεντική γεύση της κλασικής Coca-Cola, με μηδέν Θερμίδες! Μετά από χρόνια ερευνών και δοκιμών δημιουργήσαμε ένα αναψυκτικό χωρίς ζάχαρη και θερμίδες, αλλά με την ίδια γεύση της κλασικής και αγαπημένης Coca-Cola. Η ζάχαρη έχει αντικατασταθεί από γλυκαντικές ύλες,οι οποίες είναι απολύτως ασφαλείς και αποδίδουν πρακτικά μηδενικές θερμίδες.</p>|https://www.ab.gr/medias/sys_master/hf5/h24/8828615295006.jpg|1
ΑΝΑΨΥΚΤΙΚΟ ΚΟΥΤΙ 6 X 330 ML|Tο πιο διάσημο προϊόν και αναγνωρίσιμο εμπορικό σήμα στον κόσμο παραμένει η πιο δροσερή και αγαπημένη απόλαυση, για περισσότερα από 120 χρόνια, με δισεκατομμύρια φανατικούς φίλους όλων των ηλικιών, σε περισσότερες από 200 χώρες. Μια μοναδική γεύση χωρίς προσθήκη συντηρητικών, χωρίς τεχνητά αρώματα από το 1886.|https://www.ab.gr/medias/sys_master/h70/h76/8832251559966.jpg|1
ΦΥΣΙΚΟ ΜΕΤΑΛΛΙΚΟ ΝΕΡΟ  12 Χ 500 ML|Η δημοφιλής φιάλη PET Ζαγόρι σε συσκευασία 12Χ0,5 L. Οι μοναδικές αρμονικές καμπύλες και τα ανάγλυφα χαρακτηριστικά σε συσκευασία 12Χ0,5 L. Για να απολαμβάνουμε την καθαρότητα του Φυσικού Μεταλλικού Νερού Ζαγόρι, σε κάθε στιγμή της ημέρας.|https://www.ab.gr/medias/sys_master/h43/h72/8924482076702.jpg|1
ΦΥΣΙΚΟ ΜΕΤΑΛΛΙΚΟ ΝΕΡΟ  12 Χ 500 ML|Φυσικό μεταλλικό νερό. Απ' την πηγή κι απ' την καρδιά.|https://www.ab.gr/medias/sys_master/hd7/h18/8828513648670.jpg|1
ΑΝΑΨΥΚΤΙΚΟ COLA ZERO 2 X 1.5 LT|Το αδύνατο που γίνεται δυνατό! H αυθεντική γεύση της κλασικής Coca-Cola, με μηδέν Θερμίδες! Μετά από χρόνια ερευνών και δοκιμών δημιουργήσαμε ένα αναψυκτικό χωρίς ζάχαρη και θερμίδες, αλλά με την ίδια γεύση της κλασικής και αγαπημένης Coca-Cola. Η ζάχαρη έχει αντικατασταθεί από γλυκαντικές ύλες,οι οποίες είναι απολύτως ασφαλείς και αποδίδουν πρακτικά μηδενικές θερμίδες.|https://www.ab.gr/medias/sys_master/hc6/hba/8890383695902.jpg|1
ΑΝΑΨΥΚΤΙΚΟ ΚΟΥΤΙ 6 X 330 ML|.|https://www.ab.gr/medias/sys_master/hff/h4d/8924574318622.jpg|1
ΕΠΙΤΡΑΠΕΖΙΟ ΦΥΣΙΚΟ ΝΕΡΟ  12 Χ 500 ML|Επιτραπέζιο νερό.|https://www.ab.gr/medias/sys_master/h38/h89/8847859351582.jpg|1
ΦΥΣΙΚΟ ΜΕΤΑΛΛΙΚΟ ΝΕΡΟ ΦΙΑΛΗ 6 X 1,5 LT|Φυσικό μεταλλικό νερό. Απ' την πηγή κι απ' την καρδιά.|https://www.ab.gr/medias/sys_master/h4a/hbe/8849922195486.jpg|1
ΑΝΘΡΑΚΟΥΧΟ ΦΥΣΙΚΟ ΜΕΤΑΛΛΙΚΟ ΝΕΡΟ  1 LT|Φυσικό μεταλλικό νερό, φυσικώς ανθρακούχο. Κατάλληλο για δίαιτα πτωχή σε νάτριο.|https://www.ab.gr/medias/sys_master/h4e/hff/8830446927902.jpg|1
ΑΝΑΨΥΚΤΙΚΟ  4 X 500 ML|<p>Το αδύνατο που γίνεται δυνατό! H αυθεντική γεύση της κλασικής Coca-Cola, με μηδέν Θερμίδες! Μετά από χρόνια ερευνών και δοκιμών δημιουργήσαμε ένα αναψυκτικό χωρίς ζάχαρη και θερμίδες, αλλά με την ίδια γεύση της κλασικής και αγαπημένης Coca-Cola. Η ζάχαρη έχει αντικατασταθεί από γλυκαντικές ύλες,οι οποίες είναι απολύτως ασφαλείς και αποδίδουν πρακτικά μηδενικές θερμίδες.</p>|https://www.ab.gr/medias/sys_master/h9b/h99/8890365018142.jpg|1
ΑΝΑΨΥΚΤΙΚΟ ΦΙΑΛΗ 4 X 500 ML|Tο πιο διάσημο προϊόν και αναγνωρίσιμο εμπορικό σήμα στον κόσμο παραμένει η πιο δροσερή και αγαπημένη απόλαυση, για περισσότερα από 120 χρόνια, με δισεκατομμύρια φανατικούς φίλους όλων των ηλικιών, σε περισσότερες από 200 χώρες. Μια μοναδική γεύση χωρίς προσθήκη συντηρητικών, χωρίς τεχνητά αρώματα από το 1886.|https://www.ab.gr/medias/sys_master/h5d/h7e/8903816708126.jpg|1
ΑΝΑΨΥΚΤΙΚΟ COLA 2 X 1,5 LT|Tο πιο διάσημο προϊόν και αναγνωρίσιμο εμπορικό σήμα στον κόσμο παραμένει η πιο δροσερή και αγαπημένη απόλαυση, για περισσότερα από 120 χρόνια, με δισεκατομμύρια φανατικούς φίλους όλων των ηλικιών, σε περισσότερες από 200 χώρες. Μια μοναδική γεύση χωρίς προσθήκη συντηρητικών, χωρίς τεχνητά αρώματα από το 1886.|https://www.ab.gr/medias/sys_master/h93/h35/8828754690078.jpg|1
ΦΥΣΙΚΟΣ ΧΥΜΟΣ RED 250 ML|Ήβη Go! (φράουλα, μήλο & σταφύλι), οι αγαπημένοι χυμοί παιδιών και μαμάδων. Γεμάτοι θρεπτικά συστατικά και βιταμίνες, χαρίζουν στα παιδιά τη δύναμη που χρειάζονται καθημερινά και στις μαμάδες τη σιγουριά ότι μεγαλώνουν σωστά. Ιδανικοί για κατανάλωση στο σχολείο, στην εκδρομή και στο σπίτι, οι Ήβη Go! προσφέρουν κέφι, διασκέδαση και ενέργεια.|https://www.ab.gr/medias/sys_master/hb7/h71/8857092358174.jpg|1
ΕΠΙΤΡΑΠΕΖΙΟ ΦΥΣΙΚΟ ΝΕΡΟ  6 X 1,5 LT|Επιτραπέζιο νερό.|https://www.ab.gr/medias/sys_master/h9c/hdb/8910490664990.jpg|1
ΦΥΣΙΚΟΣ ΧΥΜΟΣ  1,5 LT|Η Amita Motion είναι ο πρώτος 100% φυσικός χυμός με 9 φρούτα και 7 βιταμίνες που βγήκε στην Ελληνική Αγορά και αποτελεί τον αγαπημένο χυμό των νέων, καθώς συνδυάζει τη διατροφική αξία με την ασύγκριτη απόλαυση και τη φυσική ενέργεια.|https://www.ab.gr/medias/sys_master/hfa/hef/8830318346270.jpg|1
ΦΥΣΙΚΟΣ ΧΥΜΟΣ BLUE 250 ML|Ήβη Go! (μήλο, πορτοκάλι, ροδάκινο & βερίκοκο), οι αγαπημένοι χυμοί παιδιών και μαμάδων. Γεμάτοι θρεπτικά συστατικά και βιταμίνες, χαρίζουν στα παιδιά τη δύναμη που χρειάζονται καθημερινά και στις μαμάδες τη σιγουριά ότι μεγαλώνουν σωστά. Ιδανικοί για κατανάλωση στο σχολείο, στην εκδρομή και στο σπίτι, οι Ήβη Go! προσφέρουν κέφι, διασκέδαση και ενέργεια.|https://www.ab.gr/medias/sys_master/ha4/h0f/8857088229406.jpg|1
ΑΝΑΨΥΚΤΙΚΟ COLA LIGHT 2 X 1,5 LT|Γιατί η ζωή έχει τη γεύση που της δίνεις! Ξεχωριστή απόλαυση και ανάλαφρη γεύση με λιγότερο από 1 θερμίδα.  H Coca-Cola light είναι ένα αναψυκτικό χωρίς ζάχαρη, που παρέχει λιγότερο από1 θερμίδα σε κάθε ποτήρι 250ml ή σε κάθε κουτάκι 330ml. Η ζάχαρη έχει αντικατασταθεί από γλυκαντικές ουσίες, όπως η ασπαρτάμη, η ακεσουλφάμη-Κ και το κυκλαμικό οξύ, οι οποίες είναι απολύτως ασφαλείς και αποδίδουν πρακτικά μηδενικές θερμίδες.|https://www.ab.gr/medias/sys_master/h25/h31/8828717531166.jpg|1
ΦΥΣΙΚΟΣ ΧΥΜΟΣ  4 X 330 ML|Η Amita Motion είναι ο πρώτος 100% φυσικός χυμός με 9 φρούτα και 7 βιταμίνες που βγήκε στην Ελληνική Αγορά και αποτελεί τον αγαπημένο χυμό των νέων, καθώς συνδυάζει τη διατροφική αξία με την ασύγκριτη απόλαυση και τη φυσική ενέργεια.|https://www.ab.gr/medias/sys_master/h2c/hdb/8838340050974.jpg|1
ΦΥΣΙΚΟ ΜΕΤΑΛΛΙΚΟ ΝΕΡΟ  6 X 500 ML|Το Ανώτερης ποιότητας Φυσικό Μεταλλικό Νερό ΚΟΡΠΗ, χάρη στη μοναδική του σύνθεση σε μέταλλα, καλύπτει τις ανάγκες του οργανισμού για υγιεινή ενυδάτωση και σας προσφέρει ξεχωριστή ζωντάνια και ευεξία.|https://www.ab.gr/medias/sys_master/h50/h4c/8918706126878.jpg|1
ΜΠYΡΑ ΚΟΥΤΙ 6 X 330 ML|Η FIX Hellas, η πρώτη και ιστορικότερη ελληνική μπύρα, αποτελεί μία premium lager επιλογή, ιδανική για κάθε στιγμή της ημέρας. Η απαλή της γεύση, με ισορροπημένη πικράδα, αναδεικνύει τα ευχάριστα αρώματα που δημιουργήθηκαν κατά τη ζύμωση της μαγιάς, αφήνοντας μια στρογγυλεμένη επίγευση μακράς διάρκειας. Η περιεκτικότητα της σε αλκοόλ είναι 5% και στο ανθώδες μπουκέτο των αρωμάτων της κυριαρχεί το άρωμα της βύνης. Με εξασφαλισμένη την υψηλή ποιότητα και την αξιοπιστία σε όλα τα στάδια παραγωγής της και φέροντας ατόφια την ελληνική σφραγίδα, η FIX Hellas προσφέρει μοναδική απόλαυση από την πρώτη κιόλας γουλιά.|https://www.ab.gr/medias/sys_master/h8b/hca/8838784450590.jpg|1
ΕΠΙΤΡΑΠΕΖΙΟ ΦΥΣΙΚΟ ΝΕΡΟ  12 Χ 500 ML|Φυσικό μεταλλικό νερό. Κάνουμε τη ζωή μας καλύτερη.Tο φυσικό μεταλλικό νερό ΑΥΡΑ προέρχεται από την πηγή «Αύρα» που βρίσκεται στην ορεινή περιοχή του Αιγίου και εμφιαλώνεται κάτω από συνθήκες αυστηρών ελέγχων, χωρίς να υφίσταται επιπλέον επεξεργασία, ώστε να διασφαλίζεται η φυσικότητά του και η άριστη ποιότητα του.|https://www.ab.gr/medias/sys_master/h24/h78/8833105100830.jpg|1
ΕΠΙΤΡΑΠΕΖΙΟ ΦΥΣΙΚΟ ΝΕΡΟ  6 X 1,5 LT|Φυσικό μεταλλικό νερό. Κάνουμε τη ζωή μας καλύτερη.Tο φυσικό μεταλλικό νερό ΑΥΡΑ προέρχεται από την πηγή «Αύρα» που βρίσκεται στην ορεινή περιοχή του Αιγίου και εμφιαλώνεται κάτω από συνθήκες αυστηρών ελέγχων, χωρίς να υφίσταται επιπλέον επεξεργασία, ώστε να διασφαλίζεται η φυσικότητά του και η άριστη ποιότητα του.|https://www.ab.gr/medias/sys_master/hbd/h19/8843895144478.jpg|1
ΞΗΡΟΙ ΚΑΡΠΟΙ ΑΜΥΓΔΑΛΟ ΨΗΜΕΝΟ ΑΝΑΛΑΤΟ 240 GR|Αμύγδαλα ψημένα και ανάλατα.|https://www.ab.gr/medias/sys_master/h65/h85/8890373079070.jpg|1
ΑΝΘΡΑΚΟΥΧΟ ΝΕΡΟ ΚΟΥΤΙ 6 Χ 330 ML|Νερό αναλοίωτο στο χρόνο! Αναβλύζει κατευθείαν από την καρδιά της γης, με περισσότερο από 1.000 mg/lt μεταλλικά στοιχεία, που το καθιστούν ως ένα από τα πιο εμπλουτισμένα μεταλλικά νερά στον κόσμο.|https://www.ab.gr/medias/sys_master/h52/hfe/8830438670366.jpg|1
ΑΝΑΨΥΚΤΙΚΟ ΛΕΜΟΝΑΔΑ ΦΙΑΛΗ 330 ML|Φρέσκο, δροσερό, αναζωογονητικό αναψυκτικό με μοναδική γλυκόξινη γεύση και έντονο άρωμα, συνδυασμένη με νερό πηγής Κεφαλοβρύσου και μια ισορροπημένη ποσότητα ανθρακικού|https://www.ab.gr/medias/sys_master/h7e/hd0/8830054236190.jpg|1
ΦΥΣΙΚΟΣ ΧΥΜΟΣ  2 X 1 LT|Η Amita Motion είναι ο πρώτος 100% φυσικός χυμός με 9 φρούτα και 7 βιταμίνες που βγήκε στην Ελληνική Αγορά και αποτελεί τον αγαπημένο χυμό των νέων, καθώς συνδυάζει τη διατροφική αξία με την ασύγκριτη απόλαυση και τη φυσική ενέργεια.|https://www.ab.gr/medias/sys_master/h64/hef/8830313431070.jpg|1
ΑΝΘΡΑΚΟΥΧΟ ΦΥΣΙΚΟ ΜΕΤΑΛΛΙΚΟ ΝΕΡΟ  1,5 LT|Η μπλε φιάλη PET εξασφαλίζει την απόλυτη υγιεινή και ασφάλεια του προιόντος. Είναι πολύ ανθεκτική και πλήρως ανακυκλώσιμη. Ο κομψός και εργονομικός σχεδιασμός της, την κάνουν να ξεχωρίζει!|https://www.ab.gr/medias/sys_master/ha1/h04/8832202211358.jpg|1
ΑΝΑΨΥΚΤΙΚΟ  4 X 500 ML|Γιατί η ζωή έχει τη γεύση που της δίνεις! Ξεχωριστή απόλαυση και ανάλαφρη γεύση με λιγότερο από 1 θερμίδα.  H Coca-Cola light είναι ένα αναψυκτικό χωρίς ζάχαρη, που παρέχει λιγότερο από1 θερμίδα σε κάθε ποτήρι 250ml ή σε κάθε κουτάκι 330ml. Η ζάχαρη έχει αντικατασταθεί από γλυκαντικές ουσίες, όπως η ασπαρτάμη, η ακεσουλφάμη-Κ και το κυκλαμικό οξύ, οι οποίες είναι απολύτως ασφαλείς και αποδίδουν πρακτικά μηδενικές θερμίδες.|https://www.ab.gr/medias/sys_master/h22/hfe/8890371702814.jpg|1
ΦΥΣΙΚΟ ΜΕΤΑΛΛΙΚΟ ΝΕΡΟ  6 X 1,5 LT|Αναβλύζει στους πρόποδες της οροστειράς Οίτης και εμφιαλώνεται κατευθείαν στην πηγή, χωρίς να υφίσταται κανενός είδους επεξεργασία ή επέμβαση στη σύστασή του. Ιδανικά ισορροπημένο και εμπλουτισμένο από την φύση με πολύτιμα στοιχεία απαραίτητα για την σωστή λειτουργία του ανθρώπινου οργανισμού. Αγνό, εύγευστο  και πολύτιμο, ξεχωρίζει για τον σύγχρονο χαρακτήρα, την μοναδική του  ποιότητα,  και αποτελεί ιδανική επιλογή για ευεξία και ισορροπία σώματος και πνεύματος.|https://www.ab.gr/medias/sys_master/h54/hda/8839313031198.jpg|1
ΞΗΡΟΙ ΚΑΡΠΟΙ ΚΑΡΥΔΟΨΥΧΑ 190 GR|Καρυδόψιχα ωμή.|https://www.ab.gr/medias/sys_master/h7e/h19/8890527842334.jpg|1
ΣΟΔΑ ΛΕΜΟΝΙ ΚΟΥΤΙ 6 Χ 330 ΜL|Σπιρτόζικη εμπειρία σόδας, με άρωμα λεμονιού, χωρίς ζάχαρη και συντηρητικά.|https://www.ab.gr/medias/sys_master/hca/h4d/8811777949726.jpg|1
ΑΝΑΨΥΚΤΙΚΟ ΓΚΑΖΟΖΑ ΧΩΡΙΣ ΖΑΧΑΡΗ ΚΟΥΤΙ 330 ML|Η Sprite είναι η μεγαλύτερη μάρκα στην κατηγορία αναψυκτικών lemon-lime στην Ελλάδα και προσφέρει μια αναπάντεχα μοναδική ξεδιψαστική εμπειρία. Η Sprite περιέχει φυσικά αρώματα λεμονιού – μοσχολέμονου, ενώ δεν περιέχει χρωστικές! Η Sprite μας προσκαλεί να ανακαλύψουμε το αγαπημένο μας αναψυκτικό με γλυκαντικό από το φυτό στέβια.|https://www.ab.gr/medias/sys_master/h33/h24/8832267091998.jpg|1
ΑΝΑΨΥΚΤΙΚΟ ΠΟΡΤΟΚΑΛΑΔΑ ΦΙΑΛΗ 330 ML|Πορτοκαλάδα όπως…Ελλάδα! Φυσικός χυμός από 100% ελληνικά πορτοκάλια, εξαιρετικής ποιότητας νερό πηγής Κεφαλόβρυσου και μια ισορροπημένη ποσότητα ανθρακικού, είναι η κλασική, αλάνθαστη συνταγή της πορτοκαλάδας λουξ. Φυσική ελληνική απόλαυση, χωρίς προσθήκη χρωστικών,  μαγεύει όποιον τη δοκιμάζει και είναι σήμερα η αγαπημένη πορτοκαλάδα όλης της Ελλάδας.|https://www.ab.gr/medias/sys_master/h0e/h18/8832181370910.jpg|1
ΞΗΡΟΙ ΚΑΡΠΟΙ CASHEWS ΨΗΜΕΝΟ ΑΝΑΛΑΤΟ 250 GR|Φιστίκια κάσιους ψημένα και ανάλατα.|https://www.ab.gr/medias/sys_master/h4c/hd7/8890370129950.jpg|1
ΞΗΡΟΙ ΚΑΡΠΟΙ ΚΟΥΚΟΥΝΑΡΙ 50 GR|Το κουκουνάρι περιέχει πληθώρα βιταμινών και ιχνοστοιχείων όπως οι  βιταμίνες Β1 και Ε, ο χαλκός, ο σίδηρος, το μαγνήσιο και το μαγγάνιο, αλλά και ο ψευδάργυρος. Είναι πλούσιο σε πρωτεΐνες υψηλής βιολογικής αξίας και ω-3 λιπαρά οξέα. Είναι πλούσια πηγή φυτικών ινών, φολικού οξέος, ασβεστίου και σιδήρου.|https://www.ab.gr/medias/sys_master/h0d/h3b/8828800630814.jpg|1
ΑΝΑΨΥΚΤΙΚΟ COLA LIGHT 2 X 1 LT|Γιατί η ζωή έχει τη γεύση που της δίνεις! Ξεχωριστή απόλαυση και ανάλαφρη γεύση με λιγότερο από 1 θερμίδα.  H Coca-Cola light είναι ένα αναψυκτικό χωρίς ζάχαρη, που παρέχει λιγότερο από1 θερμίδα σε κάθε ποτήρι 250ml ή σε κάθε κουτάκι 330ml. Η ζάχαρη έχει αντικατασταθεί από γλυκαντικές ουσίες, όπως η ασπαρτάμη, η ακεσουλφάμη-Κ και το κυκλαμικό οξύ, οι οποίες είναι απολύτως ασφαλείς και αποδίδουν πρακτικά μηδενικές θερμίδες.|https://www.ab.gr/medias/sys_master/h37/h8d/8890380746782.jpg|1
ΣΤΑΦΙΔΑ ΣΟΥΛΤΑΝΙΝΑ 230 GR||https://www.ab.gr/medias/sys_master/h3e/h99/8938079682590.jpg|1
ΑΝΑΨΥΚΤΙΚΟ ΠΟΡΤΟΚΑΛΙ ΧΩΡΙΣ ΖΑΧΑΡΗ ΚΟΥΤΙ 4 X 330 ML|Η αγαπημένη γεύση της Fanta με 15% συμπυκνωμένο χυμό πορτοκαλιού, χωρίς χρωστικές και μόνο 23 θερμίδες σε κάθε κουτί 330ml με τα φυσικά αρώματα του πορτοκαλιού, με τα φυσικά σάκχαρα του πορτοκαλιού και γλυκαντικά! Αντί για ζάχαρη περιέχει γλυκαντικά όπως η ασπαρτάμη, το ακεσουλφαμικό κάλιο και το κυκλαμικό νάτριο, τα οποία αποδίδουν πρακτικά μηδενικές θερμίδες. Οι λίγες θερμίδες της Fanta Zero προέρχονται από τα φυσικά σάκχαρα του χυμού πορτοκαλιού.|https://www.ab.gr/medias/sys_master/h97/hb5/8832213221406.jpg|1
ΦΥΣΙΚΟΣ ΧΥΜΟΣ YELLOW 250 ML|Ήβη Go! (μήλο, αχλάδι, σταφύλι & μπανάνα), οι αγαπημένοι χυμοί παιδιών και μαμάδων. Γεμάτοι θρεπτικά συστατικά και βιταμίνες, χαρίζουν στα παιδιά τη δύναμη που χρειάζονται καθημερινά και στις μαμάδες τη σιγουριά ότι μεγαλώνουν σωστά. Ιδανικοί για κατανάλωση στο σχολείο, στην εκδρομή και στο σπίτι, οι Ήβη Go! προσφέρουν κέφι, διασκέδαση και ενέργεια.|https://www.ab.gr/medias/sys_master/h05/he6/8857093341214.jpg|1
ΑΝΑΨΥΚΤΙΚΟ COLA 1.5 LT|Αναψυκτικό cola με γλυκαντικά. Maximum γεύση χωρίς ζάχαρη.|https://www.ab.gr/medias/sys_master/hc7/hc3/8941333938206.jpg|1
ΞΗΡΟΙ ΚΑΡΠΟΙ ΑΜΥΓΔΑΛΟ ΩΜΟ 260 GR|Αμυγδαλα ωμά.|https://www.ab.gr/medias/sys_master/h74/h46/8890538131486.jpg|1
ΑΝΑΨΥΚΤΙΚΟ COLA 2 X 1 LT|Tο πιο διάσημο προϊόν και αναγνωρίσιμο εμπορικό σήμα στον κόσμο παραμένει η πιο δροσερή και αγαπημένη απόλαυση, για περισσότερα από 120 χρόνια, με δισεκατομμύρια φανατικούς φίλους όλων των ηλικιών, σε περισσότερες από 200 χώρες. Μια μοναδική γεύση χωρίς προσθήκη συντηρητικών, χωρίς τεχνητά αρώματα από το 1886.|https://www.ab.gr/medias/sys_master/h9c/h23/8890382909470.jpg|1
ΑΝΑΨΥΚΤΙΚΟ COLA 12 X 150 ML|Tο πιο διάσημο προϊόν και αναγνωρίσιμο εμπορικό σήμα στον κόσμο παραμένει η πιο δροσερή και αγαπημένη απόλαυση, για περισσότερα από 120 χρόνια, με δισεκατομμύρια φανατικούς φίλους όλων των ηλικιών, σε περισσότερες από 200 χώρες. Μια μοναδική γεύση χωρίς προσθήκη συντηρητικών, χωρίς τεχνητά αρώματα από το 1886.|https://www.ab.gr/medias/sys_master/h11/haf/8903613808670.jpg|1
ΞΗΡΟΙ ΚΑΡΠΟΙ CASHEWS ΩΜΟ 250 GR|Φιστίκια κάσιους ωμά.|https://www.ab.gr/medias/sys_master/h7f/h17/8890371309598.jpg|1
ΜΠYΡΑ ΚΟΥΤΙ 4 X 500 ML|Ξανθιά ελαφριά Lager. Δροσερή, ξεδιψαστική, με πλούσιο αφρό, πίνεται εύκολα και ταιριάζει απόλυτα με τις ελληνικές γεύσεις. Έχει απαλό άρωμα και 5% περιεκτικότητα σε αλκοόλ.  Για την παραγωγή της χρησιμοποιείται ελληνικό κριθάρι σε ποσοστό 42%.|https://www.ab.gr/medias/sys_master/h56/h92/8849703141406.jpg|1
ΞΗΡΑ ΦΡΟΥΤΑ CRANBERRY 230 GR|Αποξηραμένα Κράνμπερι.|https://www.ab.gr/medias/sys_master/h01/h28/8828640854046.jpg|1
ΣΟΔΑ ΚΟΥΤΙ 6 Χ 330 ML|Κλασσική ξεχωριστή γεύση που συνδυάζει αρμονικά τις χωνευτικές ιδιότητες της σόδας με τη δροσερή απόλαυση ενός αναψυκτικού. Και όλα αυτά χωρίς ζάχαρη και συντηρητικά!|https://www.ab.gr/medias/sys_master/hfe/h78/8936740749342.jpg|1
ΣΟΔΑ ΦΙΑΛΗ 330 ML|Γάργαρο νερό από την πηγή Κεφολοβρύσου, εμπλουτισμένο με ανθρακικό, με τη γνωστή χωνευτική επίδραση και μια αναπάντεχα νόστιμη γεύση.|https://www.ab.gr/medias/sys_master/he7/h88/8832171540510.jpg|1
ΑΝΑΨΥΚΤΙΚΟ ΠΟΡΤΟΚΑΛΑΔΑ ΜΠΛΕ ΦΙΑΛΗ 330 ML|Πορτοκαλάδα όπως…Ελλάδα! Φυσικός χυμός από 100% ελληνικά πορτοκάλια, εξαιρετικής ποιότητας νερό πηγής Κεφαλόβρυσου, είναι η κλασική, αλάνθαστη συνταγή της πορτοκαλάδας λουξ. Φυσική ελληνική απόλαυση, χωρίς προσθήκη χρωστικών,  μαγεύει όποιον τη δοκιμάζει και είναι σήμερα η αγαπημένη πορτοκαλάδα όλης της Ελλάδας.|https://www.ab.gr/medias/sys_master/hc4/h03/8832328630302.jpg|1
ΕΠΙΤΡΑΠΕΖΙΟ ΦΥΣΙΚΟ ΝΕΡΟ ΜΠΛΟΥΜ 6 Χ 330 ML|Το παιδικό Φυσικό Μεταλλικό Νερό ΑΥΡΑ Bloom, το πρώτο Φυσικό Μεταλλικό Νερό ειδικά σχεδιασμένο για παιδιά, προσφέρει την ιδανική λύση για την κάλυψη των καθημερινών αναγκών των παιδιών σε νερό, γιατί είναι πρωτότυπο, διασκεδαστικό και αποτελεί τον κατάλληλο σύντροφο τους, στο παιχνίδι, στο σχολείο και στα σπορ!|https://www.ab.gr/medias/sys_master/h42/hfc/8830421368862.jpg|1
ΜΠYΡΑ ΚΟΥΤΙ 6 X 330 ML|Η Amstel είναι μπίρα τύπου lager με 5% περιεκτικότητα σε αλκοόλ, με ένα διακριτικό ελαφρύ χρυσό χρώμα, δεν περιέχει πρόσθετα και είναι το αποτέλεσμα μιας φυσικής διαδικασίας παρασκευής.|https://www.ab.gr/medias/sys_master/he0/h9b/8941518716958.jpg|1
ΑΝΑΨΥΚΤΙΚΟ ΠΟΡΤΟΚΑΛΑΔΑ ΜΠΛΕ ΧΩΡΙΣ ΑΝΘΡΑΚΙΚΟ 1,5 LT|Ο διαχρονικός συνδυασμός που αναμφισβήτητα σε ξεδιψάει χωρίς προσθήκη χρωστικών ουσιών.|https://www.ab.gr/medias/sys_master/h75/hb4/8941160529950.jpg|1
ΞΗΡΟΙ ΚΑΡΠΟΙ ΑΝΑΜΕΙΚΤΟΙ ΜΕ CRANBERRY ΨΗΜΜΕΝΟΙ ΑΝΑΛΑΤΟΙ 250 GR|Ψημένοι ανάμεικτοι ξηροί καρποί  ψημένοι και ανάλατοι.|https://www.ab.gr/medias/sys_master/haf/h0a/8890520961054.jpg|1
ΧΥΜΟΣ ΝΕΚΤΑΡ ΠΟΡΤΟΚΑΛΙ ΜΗΛΟ ΒΕΡΥΚΟΚΟ 1,5 LT|Φρουτοποτό. Χωρίς Συντηρητικά. Διάρκεια ζωής προϊόντος: 9 μήνες.|https://www.ab.gr/medias/sys_master/h8e/h8a/8849692327966.jpg|1
ΟΙΝΟΣ ΛΕΥΚΟΣ  750 ML|Η Παράγκα του 2014 είναι ένα κρασί απολαυστικό, με λεπτά αρώματα μοσχάτου, χαρακτηριστικά της Μαλαγουζιάς, πιο ελαφριά αίσθηση του αλκοόλ και δροσερή οξύτητα που προσφέρει ζωντάνια και μεγαλύτερη διάρκεια στο χρόνο.|https://www.ab.gr/medias/sys_master/h7d/h2e/8856306876446.jpg|1
ΑΝΑΨΥΚΤΙΚΟ ΚΟΥΤΙ 6 X 375 ML|Tο πιο διάσημο προϊόν και αναγνωρίσιμο εμπορικό σήμα στον κόσμο παραμένει η πιο δροσερή και αγαπημένη απόλαυση, για περισσότερα από 120 χρόνια, με δισεκατομμύρια φανατικούς φίλους όλων των ηλικιών, σε περισσότερες από 200 χώρες. Μια μοναδική γεύση χωρίς προσθήκη συντηρητικών, χωρίς τεχνητά αρώματα από το 1886.|https://www.ab.gr/medias/sys_master/h27/h56/8903847182366.jpg|1
ΑΝΘΡΑΚΟΥΧΟ ΦΥΣΙΚΟ ΜΕΤΑΛΛΙΚΟ ΝΕΡΟ  6 Χ 330 ML|Το Φυσικό Μεταλλικό Νερό Κορπή με προσθήκη Διοξειδίου του Άνθρακα είναι ευεργετικό για τη καλή λειτουργία του οργανισμού. Ακόμα και η συσκευασία των 0,33 lt είναι αρκετή για να το απολαύσεις όπως σου αξίζει.Το Κορπή με προσθήκη Διοξειδίου του Άνθρακα είναι ελαφρύ και χωνευτικό για αυτό και αποτελεί την ιδανική επιλογή τόσο κατά τη διάρκεια όσο και μετά το πέρας ενός πλούσιου γεύματος. Η συσκευασία του Κορπή με προσθήκη Διοξειδίου του Άνθρακα 330ml διατίθεται και σε εξάδα. Για να μη ξεμένεις ποτέ όταν το έχεις ανάγκη!|https://www.ab.gr/medias/sys_master/h5f/h7f/8918711631902.jpg|1
ΑΝΑΨΥΚΤΙΚΟ ΓΚΑΖΟΖΑ ΚΟΥΤΙ 6 X 330 ML|Η Sprite είναι η μεγαλύτερη μάρκα στην κατηγορία αναψυκτικών lemon-lime στην Ελλάδα και προσφέρει μια αναπάντεχα μοναδική ξεδιψαστική εμπειρία. Η Sprite περιέχει φυσικά αρώματα λεμονιού – μοσχολέμονου, ενώ δεν περιέχει χρωστικές! Η Sprite μας προσκαλεί να ανακαλύψουμε το αγαπημένο μας αναψυκτικό με γλυκαντικό από το φυτό στέβια.|https://www.ab.gr/medias/sys_master/h15/h49/8832239763486.jpg|1
ΦΥΣΙΚΟ ΜΕΤΑΛΛΙΚΟ ΝΕΡΟ  1,5 LT|Η δημοφιλής πλέον φιάλη PET 1,5 L Ζαγόρι, ξεχωρίζει έντονα από τις μοναδικές αρμονικές της καμπύλες και τα ανάγλυφα χαρακτηριστικά που διαθέτει. Μινιμαλιστική μοντέρνα με διάφανη ετικέτα θυμίζει την καθαρότητα του Φυσικού Μεταλλικού Νερού Ζαγόρι.|https://www.ab.gr/medias/sys_master/h50/h0f/8924481159198.jpg|1
ΦΥΣΙΚΟΣ ΧΥΜΟΣ ENERGY 7 ΒΙΤΑΜΙΝΕΣ 1 LT|Η ενέργεια συναντάει τη φυσικότητα. Ο χυμός Ήβη Energy 7 Blue με τη μοναδική γεύση των 8 φρούτων (μήλο, πορτοκάλι, ανανάς, ροδάκινο, γκρέιπρφρουτ, ακτινίδιο, πάσιον και μάνγκο) και τις 7 βιταμίνες είναι ιδανικός για να ανεβάσει τη διάθεση, αλλά και να χαρίσει ευεξία & φυσική ενέργεια.|https://www.ab.gr/medias/sys_master/hcc/hf6/8830375559198.jpg|1
ΞΗΡΟΙ ΚΑΡΠΟΙ ΦΟΥΝΤΟΥΚΙ 250 GR|Φουντούκια ψημένα και ανάλατα.|https://www.ab.gr/medias/sys_master/h07/h1f/8890551304222.jpg|1
ΜΠYΡΑ ΚΟΥΤΙ 6 X 330 ML|Η Heineken είναι εδώ για να μας θυμίσει ότι η απόλαυση της, δεν σταματάει στην πλούσια και απαράμιλλη γεύση της.|https://www.ab.gr/medias/sys_master/h75/h3c/8828812427294.jpg|1
ΟΙΝΟΣ ΛΕΥΚΟΣ ΜΟΣΧΟΦΙΛΕΡΟ ΒΙΟΛΟΓΙΚΟ 750 ML|Χρώμα λευκοκίτρινο, με ασημί ανταύγειες, λεπτό άρωμα τριαντάφυλλου, πράσινου μήλου και άνθους λεμονιάς, στο στόμα φρέσκο, γεμάτο και ισορροπημένο. Συνοδεύει θαλασσινά, κρέατα με λευκές σάλτσες, ιδανικό για συνοδεία τυριών και αλλαντικών.|https://www.ab.gr/medias/sys_master/hd5/h6b/8856289378334.jpg|1
ΑΡΕΘΟΥΣΑ ΕΠΙΤΡΑΠΕΖΙΟ ΦΥΣΙΚΟ ΝΕΡΟ 6 Χ 1,5 LT 9 LT||https://www.ab.gr/medias/sys_master/hc3/h2c/8860081717278.jpg|1
ΑΝΑΨΥΚΤΙΚΟ GINGER ALE ΚΟΥΤΙ 4 X 330 ML|To Schweppes Ginger Ale έχει καταγωγή από την Αμερική. Πρόκειται για ένα δροσιστικό αναψυκτικό με έντονο χαρακτήρα. Αποτελεί βασικό προϊόν της Schweppes από το 1870 και έχει καθιερωθεί ως η «σαμπάνια των αναψυκτικών».|https://www.ab.gr/medias/sys_master/hce/h2b/8839639138334.jpg|1
ΕΠΙΤΡΑΠΕΖΙΟ ΝΕΡΟ ΦΥΣΙΚΟ  6 X 330 ML|Οι μοναδικές αρμονικές καμπύλες και τα ανάγλυφα χαρακτηριστικά συνδυάζονται αυτή τη φορά με κίτρινο καπάκι και ετικέτα που φιλοξενεί περιπέτειες και παιχνίδια αγαπημένου ήρωα των παιδιών. Οι ώρες στο σχολείο, στις εξωσχολικές δραστηριότητες και στο παιχνίδι, γεμίζουν από δροσιά και κέφι.|https://www.ab.gr/medias/sys_master/heb/h1e/8927240257566.jpg|1
ΦΥΣΙΚΟΣ ΧΥΜΟΣ ΠΟΡΤΟΚΑΛΙ 1 LT|"Ο 100% φυσικός χυμός πορτοκαλιού ""ΛΑΚΩΝΙΑ"" προέρχεται αποκλειστικά από τα φημισμένα πορτοκάλια Λακωνίας. Οι εξαιρετικές ποικιλίες που περιέχονται στο χυμό, σε συνδυασμό με τις υψηλές προδιαγραφές ποιότητας και ασφάλειας, μας δίνουν τη δυνατότητα να σας προσφέρουμε έναν εξαιρετικό χυμό, χωρίς καμία προσθήκη ζάχαρης και φυσικά χωρίς συντηρητικά. Η βιταμίνη C που περιέχει το πορτοκάλι το καθιστά σαν ένα φυσικό φάρμακο για την υγεία μας."|https://www.ab.gr/medias/sys_master/ha9/h28/8828646359070.jpg|1
ΑΝΑΨΥΚΤΙΚΟ ΠΟΡΤΟΚΑΛΙ ΦΙΑΛΗ 1,5 LT|Το αγαπημένο σε όλους μας αναψυκτικό προσφέρει μοναδική φρουτένια γεύση χωρίς προσθήκη χρωστικών ουσιών. Απευθύνεται και στους πιο απαιτητικούς... του ανθρακικού!|https://www.ab.gr/medias/sys_master/h58/ha0/8838415155230.jpg|1
ΜΠYΡΑ ΚΟΥΤΙ ΧΩΡΙΣ ΑΛΚΟΟΛ 6 Χ 330 ML|Ένας μοναδικός συνδυασμός από φυσικές βύνες κριθαριούκαι σιταριού. Οι έμπειροι ζυθοποιοί της Amstel δημιούργησαν μιας εξαιρετικής ποιότητας δροσιστική μπίρα, με γεμάτη γεύση, χωρίς αλκοόλ, για απόλαυση χωρίς όρια.|https://www.ab.gr/medias/sys_master/hab/h38/8833163886622.jpg|1
ΞΗΡΑ ΦΡΟΥΤΑ ΔΑΜΑΣΚΗΝΑ 250 GR|Αποξηραμένα δαμάσκηνα χωρίς κουκούτσι.|https://www.ab.gr/medias/sys_master/h96/hea/8832282034206.jpg|1
ΑΝΘΡΑΚΟΥΧΟ ΝΕΡΟ ΛΕΜΟΝΙ ΚΟΥΤΙ 4 X 330 ML|Η Σουρωτή με Άρωμα συνδυάζει όλες τις πολύτιμες ιδιότητες του φυσικού μεταλλικού νερού Σουρωτή με το απαλό φυσικό άρωμα του λεμονιού-λάιμ.|https://www.ab.gr/medias/sys_master/hb5/h34/8828747415582.jpg|1
ΞΗΡΟΙ ΚΑΡΠΟΙ ΑΝΑΜΕΙΚΤΟΙ ΜΕ CRANBERRY ΚΑΙ ΣΤΑΦΙΔΑ 250 GR|Ωμοί ανάμεικτοι ξηροί καρποί με κράνμπερι και σταφίδα.|https://www.ab.gr/medias/sys_master/h2b/h21/8890367180830.jpg|1
ΣΟΔΑ ΚΟΥΤΙ 6 X 330 ML|Tuborg σόδα 6Χ330ml.|https://www.ab.gr/medias/sys_master/he6/h89/8816577151006.jpg|1
ΦΥΣΙΚΟΣ ΧΥΜΟΣ ΒΙΟΛΟΓΙΚΟΣ MHΛΟ ANANA MΠΑΝΑΝΑ 200 ML|DLL ΧΥΜΟΣ ΒΙΟ ΜΗΛΟ-ΜΠΑΝΑΝΑ-ΑΝΑΝΑΣ 0|https://www.ab.gr/medias/sys_master/hd0/h7b/8854258745374.jpg|1
ΞΗΡΟΙ ΚΑΡΠΟΙ PEANUTS 280 GR|Φιστίκια πίνατς ψημένα και αλατισμένα.|https://www.ab.gr/medias/sys_master/hb9/ha2/8890382319646.jpg|1
ΑΝΑΨΥΚΤΙΚΟ ΓΚΑΖΟΖΑ ΦΙΑΛΗ 1,5 LT|Η Sprite είναι η μεγαλύτερη μάρκα στην κατηγορία αναψυκτικών lemon-lime στην Ελλάδα και προσφέρει μια αναπάντεχα μοναδική ξεδιψαστική εμπειρία. Η Sprite περιέχει φυσικά αρώματα λεμονιού – μοσχολέμονου, ενώ δεν περιέχει χρωστικές! Η Sprite μας προσκαλεί να ανακαλύψουμε το αγαπημένο μας αναψυκτικό με γλυκαντικό από το φυτό στέβια.|https://www.ab.gr/medias/sys_master/h29/h3b/8832254312478.jpg|1
ΑΝΑΨΥΚΤΙΚΟ ΚΟΥΤΙ 6 X 330 ML|PEPSI  ΑΝΑΨΥΚΤΙΚΟ  330ML 6PACK|https://www.ab.gr/medias/sys_master/h2f/hce/8932246781982.jpg|1
ΑΝΑΨΥΚΤΙΚΟ ΜΕ ΣΤΕΒΙΑ 4 Χ 500 ML||https://www.ab.gr/medias/sys_master/h21/h7d/8923100217374.jpg|1
ΑΝΑΨΥΚΤΙΚΟ KOYTI 150 ML|Γιατί η ζωή έχει τη γεύση που της δίνεις! Ξεχωριστή απόλαυση και ανάλαφρη γεύση με λιγότερο από 1 θερμίδα.  H Coca-Cola light είναι ένα αναψυκτικό χωρίς ζάχαρη, που παρέχει λιγότερο από1 θερμίδα σε κάθε ποτήρι 250ml ή σε κάθε κουτάκι 330ml. Η ζάχαρη έχει αντικατασταθεί από γλυκαντικές ουσίες, όπως η ασπαρτάμη, η ακεσουλφάμη-Κ και το κυκλαμικό οξύ, οι οποίες είναι απολύτως ασφαλείς και αποδίδουν πρακτικά μηδενικές θερμίδες.|https://www.ab.gr/medias/sys_master/h77/h1a/8903678165022.jpg|1
ΣΟΔΑ ΚΟΥΤΙ 6 X 330 ML|Schweppes Soda Water…τόσο απλό ως αναψυκτικό, κι όμως πριν από 200 χρόνια ο Jacob Schweppe, αφού παρατήρησε προσεκτικά την ικανότητα της φύσης να παράγει ανθρακούχα φυσικά νερά, αφιέρωσε τη ζωή του για να δημιουργήσει τη δική του πρωτοποριακή μέθοδο προσθήκης ανθρακικού.|https://www.ab.gr/medias/sys_master/h3e/hc6/8834575859742.jpg|1
ΑΝΑΨΥΚΤΙΚΟ ΠΟΡΤΟΚΑΛΙ ΚΟΚΚΙΝΟ ΜΕ ΑΝΘΡΑΚΙΚΟ 6 X 330 ML|Το αγαπημένο σε όλους μας αναψυκτικό προσφέρει μοναδική φρουτένια γεύση χωρίς προσθήκη χρωστικών ουσιών. Απευθύνεται και στους πιο απαιτητικούς... του ανθρακικού!|https://www.ab.gr/medias/sys_master/h30/hf0/8838483574814.jpg|1
ΑΝΘΡΑΚΟΥΧΟ ΝΕΡΟ ΦΙΑΛΗ 250 ML|Νερό αναλοίωτο στο χρόνο! Αναβλύζει κατευθείαν από την καρδιά της γης, με περισσότερο από 1.000 mg/lt μεταλλικά στοιχεία, που το καθιστούν ως ένα από τα πιο εμπλουτισμένα μεταλλικά νερά στον κόσμο.|https://www.ab.gr/medias/sys_master/hdf/h34/8828748791838.jpg|1
ΜΠYΡΑ ΚΟΥΤΙ 6 X 330 ML|Ελληνική μπύρα Zythia.|https://www.ab.gr/medias/sys_master/h30/h14/8832293830686.jpg|1
ΜΠYΡΑ ΚΟΥΤΙ 4 X 500 ML|Διακρίνεται για τη μεστή γεύση, τον έντονο χαρακτήρα βύνης και λυκίσκου που της προσδίδει την χαρακτηριστική της πικράδα και το βαθύ χρυσαφί χρώμα της.|https://www.ab.gr/medias/sys_master/h7c/he6/8830238720030.jpg|1
ΤΟΝΙΚ ΚΟΥΤΙ 4 X 330 ML|Tuborg tonic σε κουτάκι 4Χ330ml.|https://www.ab.gr/medias/sys_master/h0a/h53/8809674506270.jpg|1
ΞΗΡΟΙ ΚΑΡΠΟΙ ΑΜΥΓΔΑΛΟ ΛΕΥΚΟ ΦΙΛΕ 150 GR|Τα αμύγδαλα αποδίδουν 165 θερμίδες ανά χούφτα (30 γρ.) και περιέχουν 9 γρ. μονοακόρεστων λιπαρών οξέων, πολύ χαμηλά επίπεδα κορεσμένων λιπαρών και καθόλου χοληστερόλη. Μία χούφτα αμύγδαλων παρέχει το 35% της συνιστώμενης ημερήσιας πρόσληψης σε βιταμίνη Ε, που είναι σημαντικό αντιοξειδωτικό συστατικό για τον ανθρώπινο οργανισμό.|https://www.ab.gr/medias/sys_master/h52/he1/8832318406686.jpg|1
ΑΝΑΨΥΚΤΙΚΟ ΠΟΡΤΟΚΑΛΙ ΚΟΚΚΙΝΟ ΜΕ ΑΝΘΡΑΚΙΚΟ ΚΟΥΤΙ 6 X 330 ML|Η Fanta με τον παιχνιδιάρικο χαρακτήρα της είναι η μεγαλύτερη σε πωλήσεις αεριούχος πορτοκαλάδα στην Ελλάδα. Με 20% χυμό πορτοκαλιού* και τα φυσικά αρώματα του πορτοκαλιού, χωρίς χρωστικές και με αμέτρητες δροσερές φυσαλίδες σε κάθε συσκευασία! Ένα ποτήρι 250ml Fanta Πορτοκαλάδα παρέχει 130 θερμίδες, ενώ ένα κουτάκι Fanta Πορτοκαλάδα 330ml περιέχει 172 θερμίδες.|https://www.ab.gr/medias/sys_master/h79/h6b/8832282624030.jpg|1
ΑΝΑΨΥΚΤΙΚΟ ΜΕ ΣΤΕΒΙΑ 6 Χ 330ML||https://www.ab.gr/medias/sys_master/ha4/h03/8923119484958.jpg|1
ΞΗΡΟΙ ΚΑΡΠΟΙ ΛΕΥΚΗ ΑΜΥΓΔΑΛΟΨΥΧΑ 280 GR|Αμυγδαλόψιχα αποφλοιωμένη ωμή.|https://www.ab.gr/medias/sys_master/hdf/hca/8890534527006.jpg|1
ΣΥΚΑ ΞΗΡΑ ΣΥΚΙΚΗ ΣΚΑΦΑΚΙ 400GR|ΣΥΚΑ ΞΗΡΑ ΣΥΚΙΚΗ ΣΚΑΦΑΚΙ 400GR|https://www.ab.gr/medias/sys_master/he3/h27/8872932573214.jpg|1
ΑΝΑΨΥΚΤΙΚΟ COLA LIGHT 1 LT|Γιατί η ζωή έχει τη γεύση που της δίνεις! Ξεχωριστή απόλαυση και ανάλαφρη γεύση με λιγότερο από 1 θερμίδα.  H Coca-Cola light είναι ένα αναψυκτικό χωρίς ζάχαρη, που παρέχει λιγότερο από1 θερμίδα σε κάθε ποτήρι 250ml ή σε κάθε κουτάκι 330ml. Η ζάχαρη έχει αντικατασταθεί από γλυκαντικές ουσίες, όπως η ασπαρτάμη, η ακεσουλφάμη-Κ και το κυκλαμικό οξύ, οι οποίες είναι απολύτως ασφαλείς και αποδίδουν πρακτικά μηδενικές θερμίδες.|https://www.ab.gr/medias/sys_master/h2b/ha5/8890533937182.jpg|1
ΑΝΑΨΥΚΤΙΚΟ ΚΟΥΤΙ 330 ML|<p>Το αδύνατο που γίνεται δυνατό! H αυθεντική γεύση της κλασικής Coca-Cola, με μηδέν Θερμίδες! Μετά από χρόνια ερευνών και δοκιμών δημιουργήσαμε ένα αναψυκτικό χωρίς ζάχαρη και θερμίδες, αλλά με την ίδια γεύση της κλασικής και αγαπημένης Coca-Cola. Η ζάχαρη έχει αντικατασταθεί από γλυκαντικές ύλες,οι οποίες είναι απολύτως ασφαλείς και αποδίδουν πρακτικά μηδενικές θερμίδες.</p>|https://www.ab.gr/medias/sys_master/h32/ha5/8941348093982.jpg|1
ΜΠΙΡΑ LIGHT ΚΟΥΤΙ 4 Χ 330ML||https://www.ab.gr/medias/sys_master/h49/h07/8934054854686.jpg|1
ΞΗΡΟΙ ΚΑΡΠΟΙ PEANUTS 530 GR|Φιστίκια πίνατς ψημένα και αλατισμένα.|https://www.ab.gr/medias/sys_master/hca/h73/8890535772190.jpg|1
ΜΠYΡΑ ΚΟΥΤΙ 6 X 330 ML|Διακρίνεται για τη μεστή γεύση, τον έντονο χαρακτήρα βύνης και λυκίσκου που της προσδίδει την χαρακτηριστική της πικράδα και το βαθύ χρυσαφί χρώμα της.|https://www.ab.gr/medias/sys_master/h03/h1d/8828548644894.jpg|1
ΜΠYΡΑ ΚΟΥΤΙ 6 X 330 ML|Πλούσιος αφρός, λαμπερό ξανθό χρώμα και σύνθετα, αλλά ευδιάκριτα αρώματα. Ισορροπημένη γεύση με φρουτώδεις αποχρώσεις και νότες λυκίσκου, με ελαφρά γλυκύτητα και πλούσια, μακράς διάρκειας επίγευση που την κάνουν τόσο ευχάριστη και δροσιστική.|https://www.ab.gr/medias/sys_master/h5c/hf1/8830329946142.jpg|1
ΦΥΣΙΚΟΣ ΧΥΜΟΣ ΠΟΡΤΟΚΑΛΙ 1 LT||https://www.ab.gr/medias/sys_master/h4a/heb/8830279024670.jpg|1
ΑΝΘΡΑΚΟΥΧΟ ΝΕΡΟ ΦΙΑΛΗ 6 Χ 250 ML|<p>Στην καρδιά των Άλπεων, σε βάθος μεγαλύτερο των 700 μέτρων, ξεκινά το μακρύ ταξίδι του S.Pellegrino ανάμεσα σε πλούσια πετρώματα, που εξασφαλίζουν το φυσικό γεωλογικό του φιλτράρισμα και την εξαιρετική ποιότητα και καθαρότητα του. Η κρυστάλλινη, δροσιστική, ντελικάτη γεύση του, αλλά και οι μικροσκοπικές φυσαλίδες που γαργαλάνε ευχάριστα τον ουρανίσκο, αφήνουν μια απαλή και πλούσια αίσθηση. Το S.Pellegrino είναι το ελαφρώς ανθρακούχο φυσικό μεταλλικό νερό, που αναδεικνύει με τον ιδανικότερο τρόπο κάθε εκλεκτό κρασί και εξαιρετικό γεύμα. Συστήνεται από κορυφαίους οινοχόους και γευσιγνώστες που αξιολογούν την Ιταλική φινέτσα του και τις μοναδικές και ιδιαίτερες φυσαλίδες του ως συνώνυμο της εξαιρετικής ποιότητας. Μετατρέψτε κάθε σας γεύμα σε μία μοναδική εμπειρία, με το S.Pellegrino,  το πιο διάσημο Ιταλικό Ελαφρώς Ανθρακούχο Φυσικό Μεταλλικό Νερό στον κόσμο. Προτείνεται από την Παγκόσμια Ένωση Οινοχόων (A.S.I)Παγκόσμια συνεργασία με Starwood Hotels, Retails & Chateaux, Michelin Guide.</p>|https://www.ab.gr/medias/sys_master/h1c/h75/8918697869342.jpg|1
ΜΠYΡΑ ΚΟΥΤΙ 330 ML|Ξανθιά ελαφριά Lager. Δροσερή, ξεδιψαστική, με πλούσιο αφρό, πίνεται εύκολα και ταιριάζει απόλυτα με τις ελληνικές γεύσεις. Έχει απαλό άρωμα και 5% περιεκτικότητα σε αλκοόλ.  Για την παραγωγή της χρησιμοποιείται ελληνικό κριθάρι σε ποσοστό 42%.|https://www.ab.gr/medias/sys_master/h2d/h32/8834469953566.jpg|1
ΦΥΣΙΚΟΣ ΧΥΜΟΣ  1 LT|Η Amita Motion είναι ο πρώτος 100% φυσικός χυμός με 9 φρούτα και 7 βιταμίνες που βγήκε στην Ελληνική Αγορά και αποτελεί τον αγαπημένο χυμό των νέων, καθώς συνδυάζει τη διατροφική αξία με την ασύγκριτη απόλαυση και τη φυσική ενέργεια.|https://www.ab.gr/medias/sys_master/h80/hf4/8830356291614.jpg|1
ΦΥΣΙΚΟΣ ΧΥΜΟΣ ΡΟΔΙ ΦΙΑΛΗ 200 ML|Είναι 100 % φυσικός χυμός ροδιού, χωρίς προσθήκη ζάχαρης, χωρίς συντηρητικά, χωρίς χρωστικές ουσίες. Χωρίς τεχνητές γεύσεις και χωρίς προσθήκη νερού, διατηρώντας έτσι όλες τις βιταμίνες του, τα μέταλλα και ένα υψηλό ποσοστό των φυσικών αντιοξειδωτικών του. Οι βιταμίνες Α, C, E , το σίδηρο, το κάλιο, οι φυτικές ίνες, οι υδατάνθρακες, καθώς και τα αντιοξειδωτικά όπως τανίνες , πολυφαινόλες, ανθοκυανίνες και πολλά άλλα ζωτικά συστατικά έχουν βάλει το χυμό ροδιού στην κατηγορία των σούπερ τροφών. Καθώς είναι ιδιαίτερα ευεργετικό για τον ανθρώπινο οργανισμό και την καρδιαγγειακή λειτουργία.|https://www.ab.gr/medias/sys_master/h8c/hbe/8846163279902.jpg|1
ΣΤΑΦΙΔΑ ΜΑΥΡΗ 230 GR||https://www.ab.gr/medias/sys_master/ha3/h59/8938146005022.jpg|1
ΑΝΑΨΥΚΤΙΚΟ ΚΟΥΤΙ 6 X 330 ML|PEPSI  ΑΝΑΨΥΚΤΙΚΟ  6X330ML|https://www.ab.gr/medias/sys_master/h90/h68/8932245864478.jpg|1
ΜΠΥΡΑ WEISS ΦΙΑΛΗ 4 X 500 ML|Διαθέτει λευκό χρώμα, θολή όψη που προκύπτει από τα υπολείμματα της μαγιάς που δε φιλτράρεται, πλούσιο αφρό με διάρκεια, φρουτώδη γεύση, ήπια πικράδα,γεμάτο σώμα και επίγευση μαγιάς.|https://www.ab.gr/medias/sys_master/hcb/h8b/8841211576350.jpg|1
ΞΗΡΑ ΦΡΟΥΤΑ ΔΑΜΑΣΚΗΝΑ 250 GR|Απολαύστε όλες τις ώρες της ημέρας τα Δαμάσκηνα Sunsweet, συνοδεύοντάς τα με δημητριακά, προσθέτοντάς τα σε σαλάτες, δημιουργώντας νέες συνταγές και τρώγοντάς τα σκέτα ως σνακ όποτε θέλετε κάτι νόστιμο, γλυκό και ελαφρύ.|https://www.ab.gr/medias/sys_master/h53/h3f/8834393669662.jpg|1
ΦΥΣΙΚΟΣ ΧΥΜΟΣ ΜΗΛΟ 250 ML|Χυμός μήλο από 100% συμπυκνωμένο χυμό μήλου. Χωρίς συντηρητικά και προσθήκη ζάχαρης. Περιέχει φυσικά σάκχαρα.|https://www.ab.gr/medias/sys_master/h2a/h52/8832270630942.jpg|1
ΕΠΙΤΡΑΠΕΖΙΟ ΦΥΣΙΚΟ ΝΕΡΟ ACTIVE CAP 750 ML|To ΑΥΡΑ Active Cap βγάζει προς τα έξω τον πιο active κομμάτι του εαυτού μας, συνοδεύοντας μας στις πιο δροσερές καθημερινές στιγμές μας και αναδεικνύοντας το attractive, prodactive, hyperactive και interactive κομμάτι του χαρακτήρα μας!|https://www.ab.gr/medias/sys_master/h33/h72/8832380141598.jpg|1
ΦΥΣΙΚΟΣ ΧΥΜΟΣ ΠΟΡΤΟΚΑΛΙ ΛΑΚΩΝΙΑΣ 1 LT|Επιλέγουμε τα πιο γευστικά και ζουμερά πορτοκάλια από τη Λακωνία, για να σας προσφέρουμε ένα χυμό πορτοκαλιού με μοναδική γεύση.  Η ΆλφαΒήτα κοντά στην ελληνική γη.|https://www.ab.gr/medias/sys_master/h07/h1f/8828565553182.jpg|1
ΟΙΝΟΣ ΛΕΥΚΟΣ ΜΟΣΧΟΦΙΛΕΡΟ ΜΑΝΤΙΝΕΙΑ 750 ML|Κρασί με ανοιχτόχρωμο λαμπερό χρώμα, λεπτό, έντονο ποικιλιακό άρωμα, ζωηρό και φρουτώδες στη γεύση.|https://www.ab.gr/medias/sys_master/he9/h11/8856311201822.jpg|1
ΑΝΑΨΥΚΤΙΚΟ BITTER LEMON ΚΟΥΤΙ 4 X 330 ML|To Schweppes Bitter Lemon είναι ένα αναψυκτικό που χαρίζει απρόσμενη αίσθηση δροσιάς. Ισορροπεί ιδανικά ανάμεσα στις φρέσκιες φρουτώδεις νότες λεμονιού και στη χαρακτηριστική πικρή επίγευση (περιέχει κινίνη) που αναζωογονεί το στόμα και τις αισθήσεις.|https://www.ab.gr/medias/sys_master/h06/h07/8839641497630.jpg|1
ΑΝΑΨΥΚΤΙΚΟ ΛΕΜΟΝΙΤΑ ΚΟΥΤΙ 4 X 330 ML|Με 7%  συμπυκνωμένο χυμό λεμονιού, χωρίς χρωστικές, τα φυσικά αρώματα του λεμονιού και αμέτρητες δροσερές φυσαλίδες σε κάθε συσκευασία! Ένα ποτήρι 250ml Fanta Λεμονίτα παρέχει 128 θερμίδες.|https://www.ab.gr/medias/sys_master/h94/he8/8832178815006.jpg|1
ΞΗΡΑ ΦΡΟΥΤΑ ΔΑΜΑΣΚΗΝΑ 500 GR|Απολαύστε όλες τις ώρες της ημέρας τα Δαμάσκηνα Sunsweet, συνοδεύοντάς τα με δημητριακά, προσθέτοντάς τα σε σαλάτες, δημιουργώντας νέες συνταγές και τρώγοντάς τα σκέτα ως σνακ όποτε θέλετε κάτι νόστιμο, γλυκό και ελαφρύ.|https://www.ab.gr/medias/sys_master/hde/hfc/8834390917150.jpg|1
ΞΗΡΟΙ ΚΑΡΠΟΙ ΑΝΑΜΕΙΚΤΟΙ ΩΜΟΙ 250 GR|Ωμοί ανάμεικτοι ξηροί καρποί.|https://www.ab.gr/medias/sys_master/hee/h0a/8890365804574.jpg|1
ΑΝΑΨΥΚΤΙΚΟ COLA ZERO 1,5LT|Το αδύνατο που γίνεται δυνατό! H αυθεντική γεύση της κλασικής Coca-Cola, με μηδέν Θερμίδες! Μετά από χρόνια ερευνών και δοκιμών δημιουργήσαμε ένα αναψυκτικό χωρίς ζάχαρη και θερμίδες, αλλά με την ίδια γεύση της κλασικής και αγαπημένης Coca-Cola. Η ζάχαρη έχει αντικατασταθεί από γλυκαντικές ύλες,οι οποίες είναι απολύτως ασφαλείς και αποδίδουν πρακτικά μηδενικές θερμίδες.|https://www.ab.gr/medias/sys_master/h93/hd4/8890531184670.jpg|1
ΜΠYΡΑ ΧΩΡΙΣ ΑΛΚΟΟΛ ΚΟΥΤΙ 6 X 330 ML|Ξανθιά ελαφριά μπίρα από φυσικά συστατικά που παρασκευάζεται με ειδική διαδικασία ζύμωσης. Δεν περιέχει αλκοόλ και πίνεται όλες τις ώρες της ημέρας και της νύχτας. Έχει διακριτικά αρώματα μαγιάς και κριθαριού.|https://www.ab.gr/medias/sys_master/h69/h3c/8828812034078.jpg|1
ΞΗΡΟΙ ΚΑΡΠΟΙ COCTAIL SNACK 200 GR|Σνακ κοκτέιλ.|https://www.ab.gr/medias/sys_master/h68/h91/8890378190878.jpg|1
ΞΗΡΟΙ ΚΑΡΠΟΙ ΒΙΟΛΟΓΙΚΟΣ ΗΛΙΟΣΠΟΡΟΣ 250 GR|Οι πιστοποιημένοι ξηροί καρποί ΑΒ bio, παράγονται και διακινούνται με έλεγχο σε όλα τα στάδια, από το χωράφι μέχρι την πώληση.|https://www.ab.gr/medias/sys_master/h12/h4d/8832323321886.jpg|1
ΟΙΝΟΣ ΛΕΥΚΟΣ ΣΑΒΒΑΤΙΑΝΟ 750 ML|λαμπερό, κιτρινόχρωμο κρασί με αρώματα αγριολούλουδων. Φρουτώδες στόμα, ελαφρά όξινο, πιπεράτο, με έντονη φρεσκάδα. Επίγευση με ανάλαφρη αίσθηση του φυσικού αλκοόλ σε φόντο εσπεριδοείδων.|https://www.ab.gr/medias/sys_master/h87/hfe/8855520182302.jpg|1
ΣΤΑΦΙΔΑ ΜΕΣΣΗΝΙΑΣ 375 GR||https://www.ab.gr/medias/sys_master/h6c/h82/8929172324382.jpg|1
ΑΝΑΨΥΚΤΙΚΟ ΚΟΥΤΙ 330 ML|Γιατί η ζωή έχει τη γεύση που της δίνεις! Ξεχωριστή απόλαυση και ανάλαφρη γεύση με λιγότερο από 1 θερμίδα.  H Coca-Cola light είναι ένα αναψυκτικό χωρίς ζάχαρη, που παρέχει λιγότερο από1 θερμίδα σε κάθε ποτήρι 250ml ή σε κάθε κουτάκι 330ml. Η ζάχαρη έχει αντικατασταθεί από γλυκαντικές ουσίες, όπως η ασπαρτάμη, η ακεσουλφάμη-Κ και το κυκλαμικό οξύ, οι οποίες είναι απολύτως ασφαλείς και αποδίδουν πρακτικά μηδενικές θερμίδες.|https://www.ab.gr/medias/sys_master/hc8/h3e/8941344096286.jpg|1
ΑΝΑΨΥΚΤΙΚΟ ΠΟΡΤΟΚΑΛΑΔΑ LIGHT ΦΙΑΛΗ 1,5 LT|Πορτοκαλάδα light με ανθρακικό. Με γλυκαντικό από το φυτό στέβια.|https://www.ab.gr/medias/sys_master/h59/h4b/8941338591262.jpg|1
ΑΝΑΨΥΚΤΙΚΟ ΠΟΡΤΟΚΑΛΙ ΜΠΛΕ ΧΩΡΙΣ ΑΝΘΡΑΚΙΚΟ ΚΟΥΤΙ 4 X 330 ML|Με 20% συμπυκνωμένο χυμό πορτοκαλιού, με τα φυσικά αρώματα του πορτοκαλιού, χωρίς ανθρακικό και χωρίς χρωστικές παραμένει μία από τις πιο αγαπημένες γεύσεις μικρών και μεγάλων για πάνω από 20 χρόνια. Ένα ποτήρι 250ml Fanta Μπλε παρέχει 120 θερμίδες, ενώ ένα κουτάκι Fanta Μπλε 330ml περιέχει 158 θερμίδες.|https://www.ab.gr/medias/sys_master/h1c/he5/8838435995678.jpg|1
ΟΥΙΣΚΙ RED LABEL 700 ML|Το JOHNNIE WALKER RED LABEL είναι το σκωτσέζικο ουίσκι με τις περισσότερες πωλήσεις παγκοσμίως. Φημίζεται για τη δυναμική γεμάτη χαρακτήρα γεύση του και καταφέρνει να ξεχωρίζει. Είναι μια γεύση στην οποία η οικογένεια Walker δεν έχει κάνει ποτέ κανέναν συμβιβασμό.|https://www.ab.gr/medias/sys_master/h77/hbe/8930237186078.jpg|1
ΦΥΣΙΚΟΣ ΧΥΜΟΣ 9 ΦΡΟΥΤΑ 250 ML|100% φυσικός χυμός 4 φρούτων. Εν μέρει από συμπυκνωμένους χυμούς 4 φρούτων, με βιταμίνες B,C,E.|https://www.ab.gr/medias/sys_master/hf2/hf7/8830385192990.jpg|1
ΦΥΣΙΚΟΣ ΧΥΜΟΣ ΠΟΡΤΟΚΑΛΙ 330 ML|100% φυσικός χυμός. Χωρίς συντηρητικά. Χωρίς προσθήκη ζάχαρης. Περιέχει φυσικά σάκχαρα των φρούτων. Διάρκεια ζωής προϊόντος: 4 Μήνες|https://www.ab.gr/medias/sys_master/h8c/hee/8849703731230.jpg|1
ΞΗΡΟΙ ΚΑΡΠΟΙ ΚΑΡΥΔΟΨΙΧΑ ΠΕΤΑΛΟΥΔΑ 170 GR|Καρυδόψιχα πεταλούδα ωμή.|https://www.ab.gr/medias/sys_master/h0d/hf5/8890381533214.jpg|1
ΦΥΣΙΚΟ ΜΕΤΑΛΛΙΚΟ ΝΕΡΟ MANIA 6 X 500 ML|Το Ανώτερης ποιότητας Φυσικό Μεταλλικό Νερό ΚΟΡΠΗ, χάρη στη μοναδική του σύνθεση σε μέταλλα, καλύπτει τις ανάγκες του οργανισμού για υγιεινή ενυδάτωση και σας προσφέρει ξεχωριστή ζωντάνια και ευεξία.|https://www.ab.gr/medias/sys_master/hb3/h1e/8918699704350.jpg|1
ΧΥΜΟΣ ΝΕΚΤΑΡ ΠΟΡΤΟΚΑΛΙ ΜΗΛΟ ΒΕΡΥΚΟΚΟ 250 ML|Νέκταρ από συμπυκνωμένο χυμό πορτοκαλιού και μήλου και πουρέ βερίκοκου. Χωρίς συντηρητικά.|https://www.ab.gr/medias/sys_master/h9f/h20/8828578922526.jpg|1
ΑΝΑΨΥΚΤΙΚΟ MOJITO ΚΟΥΤΙ 4 X 330 ML|Σας αρέσουν οι υπέροχες γεύσεις των cocktails αλλά χωρίς αλκοόλ; Μπορείτε πλέον να απολαύσετε το γευστικό συνδυασμό μέντας και lime χωρίς την προσθήκη αλκοόλ. Επιλέχθηκαν και αναμείχθηκαν για εσάς τα πιο εκλεκτά συστατικά για να σας δωθεί η δυνατότητα να γευτείτε ένα απολαυστικό cocktail. Κάντε την κάθε στιγμή μοναδική με το φανταστικό Schweppes Mojito.|https://www.ab.gr/medias/sys_master/h25/hb0/8840010792990.jpg|1
ΣΟΔΑ ΚΟΥΤΙ 6 Χ 330 ML|ΑΒ σόδα.|https://www.ab.gr/medias/sys_master/hb2/h6c/8832302284830.jpg|1
ΦΥΣΙΚΟΣ ΧΥΜΟΣ ΠΟΡΤΟΚΑΛΙ ΠΕΛΟΠΟΝΝΗΣΟΥ 1 LT|Τα πορτοκάλια που έφτιαξαν το χυμό που βλέπεις μεγάλωσαν στα φημισμένα χωράφια της Πελοποννήσου. Ο ελληνικός ήλιος τα έκανε ζουμερά και γλυκά. Η ελληνική μυθολογία τα γέμισε με ιστορίες. Η Ήβη τα έφερε με φροντίδα και αγάπη στο ποτήρι σου. Γέμισε με τη δύναμή τους, ξεδίψασε με τη γλύκα τους.|https://www.ab.gr/medias/sys_master/hda/h51/8833288994846.jpg|1
PERRIER SLIM CAN ΑΝΘΡΑΚΟΥΧΟ ΝΕΡΟ 10 X 250 ML|<p><br />Το Perrier, το No1 σε πωλήσεις Ανθρακούχο Φυσικό Μεταλλικό νερό στον κόσμο, έχει καθιερωθεί ως το απόλυτο ασυνήθιστα φυσικό αναψυκτικό. Το Perrier αγαπάει το στιλ, την τέχνη, τη δυναμικότητα αλλά και την εκκεντρικότητα.  Με τις 50 εκατομμύρια φυσαλίδες ανά λίτρο, που έρχονται απευθείας από την πηγή του, και τον εξαιρετικά κομψό σχεδιασμό του, το Perrier είναι η απόλυτη επιλογή για καταναλωτές που ψάχνουν έντονες συγκινήσεις, όλη την ημέρα.Είτε κατευθείαν από το μπουκάλι, είτε αναμειγνύοντας το πετυχαίνοντας το τέλειο σερβίρισμα, το Perrier αναζωογονεί την ημέρα και δροσίζει το βράδυ.Απολαύστε τη μοναδική δροσιά του, βάζοντας παγωμένο Perrier σε ένα ποτήρι χωρίς πάγο με μία φέτα λεμόνι! Δοκιμάστε το και με γεύση λεμόνι ή lime, με 0 θερμίδες.</p>|https://www.ab.gr/medias/sys_master/h54/h62/8918701539358.jpg|1
ΑΝΑΨΥΚΤΙΚΟ ΓΚΑΖΟΖΑ ΚΟΥΤΙ 330 ML Χ 6 ΤΕΜ|Το μοναδικό αναψυκτικό χωρίς συντηρητικά και χρωστικές, που έρχεται να σας ανεβάσει με την κρυστάλλινη όψη του και τη διάφανη δύναμη του. Αφεθείτε στη μοναδική του γεύση, με φυσικό άρωμα λεμονιού και νιώστε την απόλυτη αίσθηση δροσιάς σε κάθε γουλιά!|https://www.ab.gr/medias/sys_master/hb7/hc5/8832299925534.jpg|1
ΜΠΥΡΑ ΚΟΥΤΙ 6 Χ 330 ML|Μπύρα με ξανθό χρώμα και  έντονο άρωμα λυκίσκου με ποιοτική επίγευση πικράδας.|https://www.ab.gr/medias/sys_master/he1/hf2/8838182502430.jpg|1
ΟΙΝΟΣ ΕΡΥΘΡΟΣ  750 ML|Ο φρουτώδης χαρακτήρας κερασιού και φραμπουάζ ενός Ξινόμαυρου που έχει ωριμάσει καλά, η γλυκιά γεύση μπαχαρικών του Syrah και το πλούσιο σώμα του Merlot συνδυάζονται με τις βελούδινες τανίνες και τη μεγάλη διάρκεια, σε μια σοδειά που έδωσε ιδιαίτερα απολαυστικά κρασιά.|https://www.ab.gr/medias/sys_master/h5a/ha6/8856380375070.jpg|1
ΟΙΝΟΣ ΕΡΥΘΡΟΣ ΑΓΙΩΡΓΗΤΙΚΟ 750 ML|Κρασί με λαμπερό ρουμπινί βαθυκόκκινο χρώμα, βιολετιές ανταύγειες, πλούσιο άρωμα και απαλή γεμάτη γεύση.|https://www.ab.gr/medias/sys_master/h27/ha5/8856407113758.jpg|1
ΤΖΙΝ 37,5% ΑΛΚΟΟΛ 700 ML|Aποστάζεται προσεκτικά, χρησιμοποιώντας μια μυστική συνταγή. Η χαρακτηριστική δροσερή γεύση προέρχεται από τους καλύτερους  διαλεγμένους καρπολυς αρκεύθου και μια ποικιλία από άλλα βότανα.|https://www.ab.gr/medias/sys_master/hfc/hf6/8830377132062.jpg|1
ΦΥΣΙΚΟΣ ΧΥΜΟΣ ΦΡΑΓΚΟΣΤΑΦΥΛΟ ΜΗΛΟ 250 ML|ΦΡΟΥΤΟΠΟΤΟ 3 ΦΡΟΥΤΩΝΜε βιταμίνες B, C, E.|https://www.ab.gr/medias/sys_master/h5d/hfe/8836408967198.jpg|1
ICE TEA ΜΕ ΛΕΜΟΝΙ FREE 500 ML|ΤΣΑΙ|https://www.ab.gr/medias/sys_master/h4a/h6d/8936288124958.jpg|1
TUBORG SODA ΛΕΜΟΝΙ ΚΟΥΤΙ 6 X 330 ML||https://www.ab.gr/medias/sys_master/h62/h71/8932540710942.jpg|1
ΑΝΑΨΥΚΤΙΚΟ ΛΕΜΟΝΙ 240 ML|Λεμονάδα με ανθρακικό.|https://www.ab.gr/medias/sys_master/h64/hda/8832290684958.jpg|1
ΑΝΘΡΑΚΟΥΧΟ ΝΕΡΟ ΜΕ ΜΑΣΤΙΧΟΝΕΡΟ ΦΙΑΛΗ 330 ML|Μεσογειακό ανθρακούχο νερό με μαστιχόνερο.|https://www.ab.gr/medias/sys_master/h4c/hfc/8838387630110.jpg|1
ΞΗΡΑ ΦΡΟΥΤΑ ΒΕΡΥΚΟΚΑ 180 GR|Τα βερύκοκα είναι πλούσια σε φυτικές ίνες, αποτελούν πηγή βιταμινών Α,Ε και σιδήρου και δεν έχουν καθόλου λιπαρά. Απολαύστε αυτές τις μπουκιές ολόκληρων φρούτων σαν γευστικό σνακ ή στις συνταγές σας.|https://www.ab.gr/medias/sys_master/h3d/h3f/8839916617758.jpg|1
ΣΥΚΑ ΑΠΟΞΗΡΑΜΕΝΑ  200 GR|Τα σύκα αποτελούν πολύ καλές πηγές φυτικών ινών, β καροτένιου και φολικού οξέως, καθώς και καλίου, ασβεστίου και φωσφόρου.|https://www.ab.gr/medias/sys_master/hdb/h73/8846181564446.jpg|1
ΧΥΜΟΣ ΠOPTOKAΛI 1 LT|100% φυσικός χυμός. Χωρίς συντηρητικά. Χωρίς προσθήκη ζάχαρης. Περιέχει φυσικά σάκχαρα των φρούτων. Διάρκεια ζωής προϊόντος: 4 Μήνες|https://www.ab.gr/medias/sys_master/hd0/hf8/8830392467486.jpg|1
ΑΠΟΞΗΡΑΜΕΝΟ ΦΡΟΥΤΟ ΧΟΥΡΜΑΣ 200GR|Οι χουρμάδες είναι καλή πηγή σιδήρου, καλίου και ασβεστίου και βέβαια φυτικών ινών, με αποτέλεσμα να βοηθούν σημαντικά όσους αντιμετωπίζουν γαστρεντερικά προβλήματα.. |https://www.ab.gr/medias/sys_master/h59/h18/8846185693214.jpg|1
ΜΠYΡΑ ΦΙΑΛΗ 500 ML|Ξανθιά Ρilsener, που συνδυάζει το παραδοσιακό και το μοντέρνο. Μπίρα ευκολόπιοτη, αλσαστικής καταγωγής, ξεχωρίζει όχι μόνο για την ποιότητά της, αλλά και για το ανάγλυφο λογότυπο στη φιάλη. Έχει περιεκτικότητα σε αλκοόλ 5% και χαρακτηριστικό άρωμα λυκίσκου.|https://www.ab.gr/medias/sys_master/he0/h50/8849793417246.jpg|1
ΦΥΣΙΚΟΣ ΧΥΜΟΣ  330 ML|Η Amita Motion είναι ο πρώτος 100% φυσικός χυμός με 9 φρούτα και 7 βιταμίνες που βγήκε στην Ελληνική Αγορά και αποτελεί τον αγαπημένο χυμό των νέων, καθώς συνδυάζει τη διατροφική αξία με την ασύγκριτη απόλαυση και τη φυσική ενέργεια.|https://www.ab.gr/medias/sys_master/h49/hf0/8833648263198.jpg|1
ΦΥΣΙΚΟΣ ΧΥΜΟΣ ΠΟΡΤΟΚΑΛΙ 250 ML|Φυσικός χυμός από συμπυκνωμένο χυμό πρτοκαλιού. Χωρίς συντηρητικά. Χωρίς προσθήκη ζάχαρης.|https://www.ab.gr/medias/sys_master/hbd/h20/8828579905566.jpg|1
ΧΥΜΟΣ ΝΕΚΤΑΡ ΠΟΡΤΟΚΑΛΙ ΜΗΛΟ ΒΕΡΥΚΟΚΟ 1 LT|Φρουτοποτό. Χωρίς Συντηρητικά. Διάρκεια ζωής προϊόντος: 9 μήνες.|https://www.ab.gr/medias/sys_master/h79/hcb/8849693311006.jpg|1
ΑΝΘΡΑΚΟΥΧΟ ΦΥΣΙΚΟ ΜΕΤΑΛΛΙΚΟ ΝΕΡΟ  6 X 200 ML|Με εξαιρετικά κομψό σχεδιασμό, με φυσαλίδες που εκρήγνυνται στο στόμα και με άκρως φυσική προέλευση, το PERRIER αποτελεί μια μοναδική εμπειρία αναζωογόνησης και δροσιάς! Το PERRIER δεν είναι απλώς άλλο ένα ανθρακούχο νερό, είναι το Φυσικό Αναψυκτικό που ζωηρεύει τη διάθεσή σου και σε ηλεκτρίζει! Διατίθεται και σε γεύση λεμόνι, Lime (ή Γλυκολέμονο) με 0 θερμίδες, 0 ζάχαρη και πολύ «ηλεκτρισμένη» γεύση!|https://www.ab.gr/medias/sys_master/h21/he1/8928429506590.jpg|1
ΑΦΡΩΔΗΣ ΟΙΝΟΣ MOSCATO D'ASTI 750 ML|Αφρώδης γλυκής οίνος ιταλίας. Παράγεται από την ποικιλία σταφυλιών Moscato που καλλιερούνται στην περιοχή. Λαμπερό αχυρένιο χρώμα, επίμονα αρώματα φρούτων και λουλουδιών. Ευχάριστη, γλυκιά, δροσερή και απαλή γεύση με χαμηλή οξύτητα. Έχει επίγευση μελιού και μαρμελάδας.|https://www.ab.gr/medias/sys_master/hab/ha1/8839711883294.jpg|1
ΞΗΡΟΙ ΚΑΡΠΟΙ ΖΟΛΙΤΑ 200 GR|Σνακ ζολίτα φιστικόψιχα.|https://www.ab.gr/medias/sys_master/h71/h83/8890545799198.jpg|1
ΟΙΝΟΣ ΛΕΥΚΟΣ ΜΑΛΑΓΟΥΖΙΑ 750 ML|Μια κρυστάλλινη και τραγανή Ελληνική ποικιλία η Μαλαγουζιά, με λαμπερό πρασινο-κίτρινο χρώμα και έντονο άρωμα με νότες λουλουδιών, εσπεριδοειδών και διακριτικών αρωματικών βοτάνων. Στο στόμα είναι γεμάτη με εξαιρετική ισορροπία –δροσιά και φινέτσα και έχει ζωηρή και μακράς διάρκειας επίγευση.|https://www.ab.gr/medias/sys_master/hd7/h93/8856286429214.jpg|1
ΟΙΝΟΣ ΡΟΖΕ ΑΓΙΩΡΓΗΤΙΚΟ SYRAH 750 ML|Χρώμα ζωηρό τριανταφυλλί, αρώματα ανθικά, με νότες καραμέλας και κερασιού, στο στόμα πλούσιο, ισορροπημένο, με ευχάριστη επίγευση. Συνοδεύει ορεκτικά, σαλάτες και ζυμαρικά.|https://www.ab.gr/medias/sys_master/h6c/h40/8832348880926.jpg|1
ΧΥΜΟΣ ΝΕΚΤΑΡ ΡΟΔAKINO 1 LT|Φρουτοποτό. Χωρίς Συντηρητικά. Διάρκεια ζωής προϊόντος: 9 μήνες.|https://www.ab.gr/medias/sys_master/hf6/h0c/8849709826078.jpg|1
ΑΝΑΨΥΚΤΙΚΟ ΜΕ ΣΤΕΒΙΑ 1.5LT||https://www.ab.gr/medias/sys_master/hd6/h4e/8923117322270.jpg|1
ΜΠYΡΑ ΚΟΥΤΙ 4 X 330 ML|Ξανθιά Ρilsener, που συνδυάζει το παραδοσιακό και το μοντέρνο. Μπίρα ευκολόπιοτη, αλσαστικής καταγωγής, ξεχωρίζει για την ποιότητά της. Έχει περιεκτικότητα σε αλκοόλ 5% και χαρακτηριστικό άρωμα λυκίσκου.|https://www.ab.gr/medias/sys_master/he4/h90/8834476834846.jpg|1
ΟΙΝΟΣ ΛΕΥΚΟΣ ΜΟΣΧΟΦΙΛΕΡΟ 750 ML|Λευκοκίτρινο με πρασινοκίτρινες ανταύγειες και έντονο ποικιλιακό άρωμα ανθέων και εσπεριδοειδών στη μύτη και στο στόμα, με κυρίαρχα το λευκό τριαντάφυλλο και τα άνθη πορτοκαλιάς. Φρέσκο κρασί, γεμάτο και ισορροπημένο με επίγευση που διαρκεί.|https://www.ab.gr/medias/sys_master/h83/h2d/8856393744414.jpg|1
ΟΙΝΟΣ ΛΕΥΚΟΣ ΤΟ ΚΡΑΣΙ ΜΑΣ 1 LT|Λευκό ξηρό επιτραπέζιο κρασί με δροσερή φρουτώδη γεύση και ευγενικό λεπτό άρωμα.|https://www.ab.gr/medias/sys_master/h5c/h98/8832382894110.jpg|1
ΦΥΣΙΚΟ ΜΕΤΑΛΛΙΚΟ ΝΕΡΟ  6 X1 LT|CONTREXΕίσαι γυναίκα. Είσαι μοναδική!Από τα βάθη της γης σε μία από τις πλουσιότερες σε φυσικό πλούτο πεδιάδες της Βορειοανατολικής Γαλλίας, στην Contrexeville, πηγάζει το Φυσικό Μεταλλικό Νερό Contrex!  Το Contrex είναι φυσικά πλούσιο σε Ασβέστιο και Μαγνήσιο. Ένα μόνο λίτρο Contrex καλύπτει το 58% των ημερήσιων αναγκών μας σε Ασβέστιο και το 19% σε Μαγνήσιο.Για αυτό το λόγο, μέσα σε μια απαιτητική καθημερινότητα, το Φυσικό Μεταλλικό Νερό Contrex είναι ο σύντροφός σου σε κάθε σου προσπάθεια και σε βοηθάει να φτάσεις το σώμα σου εκεί που ΕΣΥ θέλεις. Με ποιους τρόπους;Με το νερό προσφέρεις ενυδάτωση στον οργανισμό σου! Εντάσσοντας το Contrex στην καθημερινότητα σου και απολαμβάνοντας την μοναδική του γεύση, ενυδατώνεσαι αποτελεσματικά!Ενισχύεις τον μεταβολισμό σου! Το ασβέστιο συμβάλλει στην φυσιολογική λειτουργία των μεταβολικών διεργασιών που αποσκοπούν στην παραγωγή ενέργειας.Φροντίζεις την καλή υγεία των οστών και των μυών σου! Το μαγνήσιο συμβάλλει στην διατήρηση της φυσιολογικής κατάστασης των οστών.|https://www.ab.gr/medias/sys_master/h2d/h87/8833764851742.jpg|1
ΜΠYΡΑ PILSNER ΦΙΑΛΗ 330 ML|Η Νήσος των Κυκλάδων είναι μια απαστερίωτη μπίρα, μικρής παραγωγής που ζυθοποιείται και εμφιαλώνεται 100% στην Τήνο με αργή, παραδοσιακή, φυσική διαδικασία που διαρκεί έναν ολόκληρο μήνα. Το αποτέλεσμα είναι μια ισορροπημένη μπίρα με όγκο και σπιρτάδα. Έχει βαθύχρυσο χρώμα και η γεύση της συνδυάζει την ευχάριστη γευστική πικράδα των λυκίσκων με τη γλυκύτητα της βύνης.|https://www.ab.gr/medias/sys_master/h46/h7f/8838380159006.jpg|1
ΞΗΡΟΙ ΚΑΡΠΟΙ ΑΜΥΓΔΑΛΟ ΩΜΟ 500 GR|Αμύγδαλα ωμά.|https://www.ab.gr/medias/sys_master/h44/h5c/8890537345054.jpg|1
ΞΗΡΟΙ ΚΑΡΠΟΙ ΦΥΣΤΙΚΙ ΚΕΛΥΦΩΤΟ 240 GR|Φιστίκια κελυφωτά ψημένα και αλατισμένα.|https://www.ab.gr/medias/sys_master/hac/h21/8890540490782.jpg|1
ΦΥΣΙΚΟΣ ΧΥΜΟΣ ΜΗΛΟ ΠΗΛΙΟΥ 1 LT|Επιλέγουμε τα πιο γευστικά και χυμώδη μήλα από το Πήλιο, για να σας προσφέρουμε ένα χυμό μήλου με μοναδική γεύση. Η ΆλφαΒήτα κοντά στην ελληνική γη.|https://www.ab.gr/medias/sys_master/h1f/h1f/8828566339614.jpg|1
ΧΥΜΟΣ ΝΕΚΤΑΡ ΠΟΡΤΟΚΑΛΙ ΜΗΛΟ ΒΕΡΥΚΟΚΟ 1 LT|Ο αρμονικός συνδυασμός τριών διαφορετικών φρούτων δίνει απολαυστική γεύση! Η βιταμίνη C που περιέχει, συμβάλλει στη φυσιολογική λειτουργία του ανοσοποιητικού συστήματος και στη μείωση της κόπωσης στο πλαίσιο μιας ισορροπημένης διατροφής και ενός υγιεινού τρόπου ζωής.|https://www.ab.gr/medias/sys_master/hea/hed/8830301044766.jpg|1
ΑΝΑΨΥΚΤΙΚΟ ΓΚΑΖΟΖΑ ΦΙΑΛΗ 1,5 LT|Το μοναδικό αναψυκτικό χωρίς συντηρητικά και χρωστικές, που έρχεται να σας ανεβάσει με την κρυστάλλινη όψη του και τη διάφανη δύναμη του. Αφεθείτε στη μοναδική του γεύση, με φυσικό άρωμα λεμονιού και νιώστε την απόλυτη αίσθηση δροσιάς σε κάθε γουλιά!|https://www.ab.gr/medias/sys_master/hd8/h30/8832313098270.jpg|1
ΑΝΘΡΑΚΟΥΧΟ ΝΕΡΟ  750 ML|<p>Στην καρδιά των Άλπεων, σε βάθος μεγαλύτερο των 700 μέτρων, ξεκινά το μακρύ ταξίδι του S.Pellegrino ανάμεσα σε πλούσια πετρώματα, που εξασφαλίζουν το φυσικό γεωλογικό του φιλτράρισμα και την εξαιρετική ποιότητα και καθαρότητα του. Η κρυστάλλινη, δροσιστική, ντελικάτη γεύση του, αλλά και οι μικροσκοπικές φυσαλίδες που γαργαλάνε ευχάριστα τον ουρανίσκο, αφήνουν μια απαλή και πλούσια αίσθηση. Το S.Pellegrino είναι το ελαφρώς ανθρακούχο φυσικό μεταλλικό νερό, που αναδεικνύει με τον ιδανικότερο τρόπο κάθε εκλεκτό κρασί και εξαιρετικό γεύμα. Συστήνεται από κορυφαίους οινοχόους και γευσιγνώστες που αξιολογούν την Ιταλική φινέτσα του και τις μοναδικές και ιδιαίτερες φυσαλίδες του ως συνώνυμο της εξαιρετικής ποιότητας. Μετατρέψτε κάθε σας γεύμα σε μία μοναδική εμπειρία, με το S.Pellegrino,  το πιο διάσημο Ιταλικό Ελαφρώς Ανθρακούχο Φυσικό Μεταλλικό Νερό στον κόσμο. Προτείνεται από την Παγκόσμια Ένωση Οινοχόων (A.S.I)Παγκόσμια συνεργασία με Starwood Hotels, Retails & Chateaux, Michelin Guide.</p>|https://www.ab.gr/medias/sys_master/h1e/h39/8919068508190.jpg|1
ΑΝΘΡΑΚΟΥΧΟ ΦΥΣΙΚΟ ΜΕΤΑΛΛΙΚΟ ΝΕΡΟ LIME 4 X 330 ML|Με εξαιρετικά κομψό σχεδιασμό, με φυσαλίδες που εκρήγνυνται στο στόμα και με άκρως φυσική προέλευση, το PERRIER αποτελεί μια μοναδική εμπειρία αναζωογόνησης και δροσιάς! Το PERRIER δεν είναι απλώς άλλο ένα ανθρακούχο νερό, είναι το Φυσικό Αναψυκτικό που ζωηρεύει τη διάθεσή σου και σε ηλεκτρίζει! Διατίθεται και σε γεύση λεμόνι ή Lime (ή Γλυκολέμονο) με 0 θερμίδες, 0 ζάχαρη και πολύ «ηλεκτρισμένη» γεύση!|https://www.ab.gr/medias/sys_master/hd6/h30/8918707044382.jpg|1
ΜΠYΡΑ STRONG ΚΟΥΤΙ 4 Χ 500 ML|Διαθέτει μεστή γεύση που καταφέρνει να ισορροπήσει τον ευκολόπιοτο χαρακτήρα της Άλφαμε τη δυνατή εμπειρία μιας μπίρας lager. Με χρυσαφί χρώμα, πλούσιο αφρό, απαλή πικράδα, διακριτικά φρουτώδη χαρακτήρα και έντονη επίγευση λόγω του αλκοόλ της. Θα ενθουσιάσει όσους επιθυμούν μια δυνατή γευστική εμπειρία.|https://www.ab.gr/medias/sys_master/h1e/hc0/8825621905438.jpg|1
ΟΥΙΣΚΙ ΣΚΩΤΙΑΣ 700 ML|To Dewar's White Label δημιουργήθηκε το 1899 από τον  Master Blender, A. J. Cameron. Με ένα blend που περιέχει πάνω από 40 single malt & single grain ουίσκι σε κάθε φιάλη, το να επιτύχεις ένα αποτέλεσμα ολοκληρωμένο και τόσο απαλό ώστε να απολαμβάνεται σκέτο, δεν ήταν εύκολο.|https://www.ab.gr/medias/sys_master/hc1/h9f/8840896086046.jpg|1
ΦΡΟΥΤΟΠΟΤΟ ΒΥΣΣΙΝΟ 1 LT|Το βύσσινο, που ανήκει στην οικογένεια του κερασιού, έχει μεγάλη περιεκτικότητα σε ανθοκυανίνες, στις οποίες οφείλεται και το χαρακτηριστικό χρώμα του. Βρες την Ήβη σου, τις ευεργετικές ιδιότητες της φύσης!|https://www.ab.gr/medias/sys_master/hba/he1/8838417514526.jpg|1
ICE TEA ΤΣΑΙ ΚΟΥΤΙ 500 ML|Ένα από τα πιο αρωματικά και ευεργετικά λουλούδια των ελληνικών βουνών, ο σιδερίτης, προσφέρεται τώρα, σαν ένα έξοχο υγιεινό αναψυκτικό, χωρίς συντηρητικά και το μόνο στον κόσμο που μπορεί να απολαύσει κανείς όλο το χρόνο, κρύο ή ζεστό.|https://www.ab.gr/medias/sys_master/h11/h19/8838037602334.jpg|1
ΜΠYΡΑ ΚΟΥΤΙ 6 X 330 ML|Το «Αστέρι» του Leuven (μικρή πόλη του Βελγίου). Δημιουργήθηκε ως μπίρα των Χριστουγέννων και στη συνέχεια η παραγωγή της έγινε ετήσια. Έχει βυνώδη και φρουτώδη γεύση με ελαφριά πικράδα, αρώματα βύνης και λυκίσκου. Η διαδικασία παρασκευής αλλά και η συνταγή της δεν έχει αλλάξει με το πέρασμα των χρόνων.|https://www.ab.gr/medias/sys_master/hc6/h61/8834365554718.jpg|1
ΣΟΔΑ ΛΕΜΟΝΙ ΚΟΥΤΙ 4 Χ 330 ML|Σπιρτόζικη εμπειρία σόδας, με άρωμα λεμονιού, χωρίς ζάχαρη και συντηρητικά.|https://www.ab.gr/medias/sys_master/hf9/h22/8839235174430.jpg|1
ΦΥΣΙΚΟ ΜΕΤΑΛΛΙΚΟ ΝΕΡΟ  500 ML|Η δημοφιλής φιάλη PET Ζαγόρι σε συσκευασία 0,5 L. Οι μοναδικές αρμονικές καμπύλες και τα ανάγλυφα χαρακτηριστικά σε ατομική συσκευασία. Για να απολαμβάνουμε την καθαρότητα του Φυσικού Μεταλλικού Νερού Ζαγόρι, σε κάθε στιγμή της ημέρας.|https://www.ab.gr/medias/sys_master/h1a/ha4/8924482994206.jpg|1
ICE TEA GREEN ΦΙΑΛΗ 1,5 LT|Το πράσινο τσάι είναι άλλος ένας σύμμαχος για πιο υγιή ζωή προσφέροντας φυσική αναζωογόνηση και ευεξία στον οργανισμό. Πλούσιο σε αντιοξειδωτικά, η καθημερινή κατανάλωση του συμβάλει στην ενυδάτωση του οργανισμού. Το  Lipton Ice Tea  με την υψηλή τεχνογνωσία του εγγυάται την ποιότητα και προσφέρει την απολαυστική γεύση Ice Tea Green Πράσινο Τσάι με λεμόνι χωρίς συντηρητικά και χρωστικές.|https://www.ab.gr/medias/sys_master/h18/h2d/8910492827678.jpg|1
ΑΝΑΨΥΚΤΙΚΟ COLA 1,5 LT|Αναψυκτικό cola.|https://www.ab.gr/medias/sys_master/hed/hc0/8832321159198.jpg|1
ΜΠYΡΑ ΚΟΥΤΙ 4 X 500 ML|Πλούσιος αφρός, λαμπερό ξανθό χρώμα και σύνθετα, αλλά ευδιάκριτα αρώματα. Ισορροπημένη γεύση με φρουτώδεις αποχρώσεις και νότες λυκίσκου, με ελαφρά γλυκύτητα και πλούσια, μακράς διάρκειας επίγευση που την κάνουν τόσο ευχάριστη και δροσιστική.|https://www.ab.gr/medias/sys_master/h5e/h0f/8853353791518.jpg|1
ΣΟΔΑ ΦΙΑΛΗ 4 X 500 ML|Schweppes Soda Water…τόσο απλό ως αναψυκτικό, κι όμως πριν από 200 χρόνια ο Jacob Schweppe, αφού παρατήρησε προσεκτικά την ικανότητα της φύσης να παράγει ανθρακούχα φυσικά νερά, αφιέρωσε τη ζωή του για να δημιουργήσει τη δική του πρωτοποριακή μέθοδο προσθήκης ανθρακικού.|https://www.ab.gr/medias/sys_master/ha7/h94/8838254264350.jpg|1
ΧΥΜΟΣ ΝΕΚΤΑΡ ΠΟΡΤΟΚΑΛΙ ΜΗΛΟ ΒΕΡΙΚΟΚΟ 1 LT||https://www.ab.gr/medias/sys_master/h6b/h21/8828585607198.jpg|1
ΑΝΑΨΥΚΤΙΚΟ ΚΟΥΤΙ 330 ML|Tο πιο διάσημο προϊόν και αναγνωρίσιμο εμπορικό σήμα στον κόσμο παραμένει η πιο δροσερή και αγαπημένη απόλαυση, για περισσότερα από 120 χρόνια, με δισεκατομμύρια φανατικούς φίλους όλων των ηλικιών, σε περισσότερες από 200 χώρες. Μια μοναδική γεύση χωρίς προσθήκη συντηρητικών, χωρίς τεχνητά αρώματα από το 1886.|https://www.ab.gr/medias/sys_master/hb6/h3b/8941360807966.jpg|1
ΑΝΑΨΥΚΤΙΚΟ ΦΙΑΛΗ 500 ML|<p>Το αδύνατο που γίνεται δυνατό! H αυθεντική γεύση της κλασικής Coca-Cola, με μηδέν Θερμίδες! Μετά από χρόνια ερευνών και δοκιμών δημιουργήσαμε ένα αναψυκτικό χωρίς ζάχαρη και θερμίδες, αλλά με την ίδια γεύση της κλασικής και αγαπημένης Coca-Cola. Η ζάχαρη έχει αντικατασταθεί από γλυκαντικές ύλες,οι οποίες είναι απολύτως ασφαλείς και αποδίδουν πρακτικά μηδενικές θερμίδες.</p>|https://www.ab.gr/medias/sys_master/he5/hae/8890541277214.jpg|1
ΑΝΘΡΑΚΟΥΧΟ ΝΕΡΟ  750 ML|Νερό αναλοίωτο στο χρόνο! Αναβλύζει κατευθείαν από την καρδιά της γης, με περισσότερο από 1.000 mg/lt μεταλλικά στοιχεία, που το καθιστούν ως ένα από τα πιο εμπλουτισμένα μεταλλικά νερά στον κόσμο.|https://www.ab.gr/medias/sys_master/h33/h35/8828751544350.jpg|1
ΜΠΥΡΑ PREMIUM PILS ΚΟΥΤΙ 6 X 33O ML|Η Amstel Pils είναι μια μοναδική μπίρα, φτιαγμένη με τον ίδιο αυθεντικό τρόπο που πρωτοφτιάχτηκε το 1870. Οι αρχιζυθοποιοί της Amstel από πάντα έπαιρναν το χρόνο και χρησιμοποιούσαν την εμπειρία τους για να πετύχουν μια γεύση Pilsener εξαιρετικής ποιότητας.|https://www.ab.gr/medias/sys_master/h40/h65/8840132558878.jpg|1
ΞΗΡΟΙ ΚΑΡΠΟΙ CASHEWS ΨΗΜΕΝΟ ΑΛΑΤΙΣΜΕΝΟ 250 GR|Φιστίκια κάσιους ψημένα και αλατισμένα.|https://www.ab.gr/medias/sys_master/h43/ha4/8890373865502.jpg|1
ΞΗΡΟΙ ΚΑΡΠΟΙ ΑΡΑΠΙΚΟ ΦΥΣΤΙΚΙ 250 GR|Φιστίκια αράπικα ψημένα και αλατισμένα.|https://www.ab.gr/medias/sys_master/h81/hcf/8890374258718.jpg|1
ΣΑΝΓΚΡΙΑ ΕΡΥΘΡΟΣ  1 LT|Ποτό από κόκκινο ισπανικό κρασί. Χωρίς ανθρακικό.  Δεν περιέχει χρωστικές ή συντηρητικά.|https://www.ab.gr/medias/sys_master/hbb/h66/8856388829214.jpg|1
ΦΡΟΥΤΟΠΟΤΟ ΒΥΣΣINO 1,5 LT|Φρουτοποτό. Χωρίς Συντηρητικά. Διάρκεια ζωής προϊόντος: 9 μήνες.|https://www.ab.gr/medias/sys_master/hcc/h1f/8849691344926.jpg|1
ΦΡΟΥΤΟΠΟΤΟ ΒΥΣΣΙΝΟ 250 ML|Φρουτοποτό. Χωρίς Συντηρητικά. Διάρκεια ζωής προϊόντος: 9 μήνες.|https://www.ab.gr/medias/sys_master/h98/hb6/8849709039646.jpg|1
ΑΝΑΨΥΚΤΙΚΟ  150 ML|Tο πιο διάσημο προϊόν και αναγνωρίσιμο εμπορικό σήμα στον κόσμο παραμένει η πιο δροσερή και αγαπημένη απόλαυση, για περισσότερα από 120 χρόνια, με δισεκατομμύρια φανατικούς φίλους όλων των ηλικιών, σε περισσότερες από 200 χώρες. Μια μοναδική γεύση χωρίς προσθήκη συντηρητικών, χωρίς τεχνητά αρώματα από το 1886.|https://www.ab.gr/medias/sys_master/hbb/he6/8890376224798.jpg|1
ΑΝΑΨΥΚΤΙΚΟ COLA ΦΙΑΛΗ 1 LT|Tο πιο διάσημο προϊόν και αναγνωρίσιμο εμπορικό σήμα στον κόσμο παραμένει η πιο δροσερή και αγαπημένη απόλαυση, για περισσότερα από 120 χρόνια, με δισεκατομμύρια φανατικούς φίλους όλων των ηλικιών, σε περισσότερες από 200 χώρες. Μια μοναδική γεύση χωρίς προσθήκη συντηρητικών, χωρίς τεχνητά αρώματα από το 1886.|https://www.ab.gr/medias/sys_master/h78/hd9/8890529808414.jpg|1
ΑΝΑΨΥΚΤΙΚΟ ΓΚΑΖΟΖΑ ΚΟΥΤΙ 330 ML|Το παραδοσιακό, αλλά πάντα διαχρονικό αναψυκτικό, γνωστό και αγαπημένο από τα παλιά. Ξεδιψάει γλυκά και δροσίζει με την ιδιαίτερη γεύση πράσινου λεμονιού συνδυασμένη με νερό πηγής Κεφαλοβρύσου και μια ισορροπημένη ποσότητα ανθρακικού.|https://www.ab.gr/medias/sys_master/h9a/hf2/8830340366366.jpg|1
ΕΠΙΤΡΑΠΕΖΙΟ ΦΥΣΙΚΟ ΝΕΡΟ ΓΥΑΛΙΝΗ ΦΙΑΛΗ 1 LT|Αναβλύζει στους πρόποδες της οροστειράς Οίτης και εμφιαλώνεται κατευθείαν στην πηγή, χωρίς να υφίσταται κανενός είδους επεξεργασία ή επέμβαση στη σύστασή του. Ιδανικά ισορροπημένο και εμπλουτισμένο από την φύση με πολύτιμα στοιχεία απαραίτητα για την σωστή λειτουργία του ανθρώπινου οργανισμού. Αγνό, εύγευστο  και πολύτιμο, ξεχωρίζει για τον σύγχρονο χαρακτήρα, την μοναδική του  ποιότητα,  και αποτελεί ιδανική επιλογή για ευεξία και ισορροπία σώματος και πνεύματος.|https://www.ab.gr/medias/sys_master/h36/h05/8854289612830.jpg|1
ΜΠYΡΑ ΚΟΥΤΙ 4 X 500 ML|Η Amstel είναι μπίρα τύπου lager με 5% περιεκτικότητα σε αλκοόλ, με ένα διακριτικό ελαφρύ χρυσό χρώμα, δεν περιέχει πρόσθετα και είναι το αποτέλεσμα μιας φυσικής διαδικασίας παρασκευής.|https://www.ab.gr/medias/sys_master/h13/h0c/8849797152798.jpg|1
ΟΙΝΟΣ ΛΕΥΚΟΣ SAUVIGNON BLANC 750 ML|Ο φινετσάτος χαρακτήρας του Ροδίτη και το χαρισματικό Sauvignon Blanc συνθέτουν μια μοναδική γευστική εμπειρία. Οι λαμπερές κιτρινοπράσινες ανταύγειες σε προδιαθέτουν για τα αρώματα πράσινου μήλου και φρούτων που απολαμβάνεις από την πρώτη γουλιά. Πλούσια επίγευση.|https://www.ab.gr/medias/sys_master/h45/h1a/8828525641758.jpg|1
ΦΥΣΙΚΟΣ ΧΥΜΟΣ ΠΟΡΤΟΚΑΛΙ ΜΗΛΟ ΚΑΡΟΤΟ 1 LT|100% φυσικός χυμός. Χωρίς συντηρητικά. Χωρίς προσθήκη ζάχαρης. Περιέχει φυσικά σάκχαρα των φρούτων. Διάρκεια ζωής προϊόντος: 6 Μήνες.|https://www.ab.gr/medias/sys_master/h1f/h02/8849710809118.jpg|1
ΑΝΑΨΥΚΤΙΚΟ ΛΕΜΟΝΙΤΑ ΦΙΑΛΗ 1,5 LT|Ιδανικά σχεδιασμένη για να προσφέρει απόλυτη δροσιά ακόμη και στις πιο ζεστές ημέρες του καλοκαιριού. Η Ήβη λεμονίτα με ανθρακικό, χωρίς χρωστικές, είναι ο καλύτερος σύντροφος στις πιο ευχάριστες στιγμές.|https://www.ab.gr/medias/sys_master/hd0/h21/8832169967646.jpg|1
ΑΝΑΨΥΚΤΙΚΟ ΠΟΡΤΟΚΑΛΙ 4 X 500 ML|Η Fanta με τον παιχνιδιάρικο χαρακτήρα της είναι η μεγαλύτερη σε πωλήσεις αεριούχος πορτοκαλάδα στην Ελλάδα. Με 20% χυμό πορτοκαλιού και τα φυσικά αρώματα του πορτοκαλιού, χωρίς χρωστικές και με αμέτρητες δροσερές φυσαλίδες σε κάθε συσκευασία! Ένα ποτήρι 250ml Fanta Πορτοκαλάδα παρέχει 130 θερμίδες, ενώ ένα κουτάκι Fanta Πορτοκαλάδα 330ml περιέχει 172 θερμίδες.|https://www.ab.gr/medias/sys_master/h87/h18/8832360087582.jpg|1
ΕΝΕΡΓΕΙΑΚΟ ΠΟΤΟ SUGAR FREE 250 ML|Αναζωογονεί Σώμα και Πνεύμα. Το Red Bull Sugarfree είναι Red Bull Energy Drink χωρίς ζάχαρη. Είναι ένα λειτουργικό ποτό με μόνο 3 θερμίδες ανά 100 ml.|https://www.ab.gr/medias/sys_master/h12/hc7/8832365002782.jpg|1
ΜΠYΡΑ WEISS ΦΙΑΛΗ 500 ML|Φυσική συννεφιά και μεταξένια λάμψη χρυσού στο ποτήρι κάτω από ένα πολύ ισχυρό αφρό. Μια από τις αγαπημένες μπύρες του κόσμου. Η πρώτη γουλιά Weissbier έχει ένα ήπιο άρωμα μπανάνας. Ο ουρανίσκος εντοπίζει νότες από μάνγκο και ανανά και την ισορροπία γλυκού και πικρού. Οι γνώστες της μπύρας εκτιμούν τις λεπτές νότες ζύμης και το ήπιο και αφρώδες μείγμα αρωμάτων.|https://www.ab.gr/medias/sys_master/h78/he1/8830196645918.jpg|1
ΜΠYΡΑ WEISS ΦΙΑΛΗ 500 ML|Σταρένια, αφιλτράριστη μπίρα με θολή όψη, χάρη στην ειδική αφροζύμη που εμπεριέχεικαι της χαρίζει ιδιαίτερη γεύση και πλούσιο, φρουτώδες άρωμα.|https://www.ab.gr/medias/sys_master/h93/h7d/8832300515358.jpg|1
ICE TEA ΛΕΜΟΝΙ ΦΙΑΛΗ 1,5 LT|Το Lipton Ice Tea είναι το μόνο που παρασκευάζεται από αληθινά φύλλα τσαγιού διατηρώντας έτσι τη γνήσια γεύση άλλα και όλα τα ευεργετικά φυσικά αντιοξειδωτικά στοιχεία που περιέχονται στα φύλλα του. Με εμπειρία πάνω από 100 χρόνια, η υπογραφή Lipton εγγυάται ότι κάθε γουλιά είναι μια στιγμή απόλαυσης, γιατί όταν πίνεις καλύτερα, ζεις καλύτερα!|https://www.ab.gr/medias/sys_master/hb5/h92/8910494072862.jpg|1
ΑΝΑΨΥΚΤΙΚΟ ΠΟΡΤΟΚΑΛΑΔΑ ΚΟΚΚΙΝΗ ΜΕ ΑΝΘΡΑΚΙΚΟ 232 ML|Πορτοκαλάδα με ανθρακικό.|https://www.ab.gr/medias/sys_master/hbc/h62/8832189628446.jpg|1
ΙΝΔΙΚΗ ΚΑΡΥΔΑ ΤΡΙΜΜΕΝΗ 150 GR|Η ινδική καρύδα είναι υψηλής διατροφικής αξίας και πλούσια σε φυτικές ίνες, βιταμίνες και μέταλλα. |https://www.ab.gr/medias/sys_master/hd4/hce/8832310149150.jpg|1
ΞΗΡΟΙ ΚΑΡΠΟΙ ΑΡΑΠΙΚΟ ΦΥΣΤΙΚΙ ΚΑΛΑΜΑΤΑΣ 250 GR|Στα εύφορα και αμμώδη εδάφη του Μεσσηνιακού κάμπου καλλιεργούνται με ιδιαίτερη φροντίδα οι αραχίδες. Που αφού καθαριστούν από το κέλυφός τους, ψήνονται με τον παραδοσιακό τρόπο και μας δίνουν τα τραγανά αράπικα φιστίκια. Η ΆλφαΒήτα κοντά στην ελληνική γη.|https://www.ab.gr/medias/sys_master/h52/he0/8838495567902.jpg|1
ΟΙΝΟΣ ΛΕΥΚΟΣ ΠΕΛΟΠΟΝΝΗΣΙΑΚΟΣ 750 ML|Μπουκέτα αρωμάτων λευκών φρούτων και εσπεριδοειδών. Μέτρια οξύτητα και ισορροπημένη ευχάριστη γεύση.|https://www.ab.gr/medias/sys_master/h5c/h16/8856082874398.jpg|1
ΦΥΣΙΚΟ ΜΕΤΑΛΛΙΚΟ ΝΕΡΟ SPORT MAX 750 ML|Το Ανώτερης ποιότητας Φυσικό Μεταλλικό Νερό ΚΟΡΠΗ, χάρη στη μοναδική του σύνθεση σε μέταλλα, καλύπτει τις ανάγκες του οργανισμού για υγιεινή ενυδάτωση και σας προσφέρει ξεχωριστή ζωντάνια και ευεξία.|https://www.ab.gr/medias/sys_master/hb5/hcf/8920814878750.jpg|1
ICE TEA ΜΗΛΟ ΧΩΡΙΣ ΖΑΧΑΡΗ 500 ML||https://www.ab.gr/medias/sys_master/h7d/ha3/8860072280094.jpg|1
ΑΝΘΡΑΚΟΥΧΟ ΝΕΡΟ  6 Χ 500 ML|<p><br />Το Perrier, το No1 σε πωλήσεις Ανθρακούχο Φυσικό Μεταλλικό νερό στον κόσμο, έχει καθιερωθεί ως το απόλυτο ασυνήθιστα φυσικό αναψυκτικό. Το Perrier αγαπάει το στιλ, την τέχνη, τη δυναμικότητα αλλά και την εκκεντρικότητα.  Με τις 50 εκατομμύρια φυσαλίδες ανά λίτρο, που έρχονται απευθείας από την πηγή του, και τον εξαιρετικά κομψό σχεδιασμό του, το Perrier είναι η απόλυτη επιλογή για καταναλωτές που ψάχνουν έντονες συγκινήσεις, όλη την ημέρα.Είτε κατευθείαν από το μπουκάλι, είτε αναμειγνύοντας το πετυχαίνοντας το τέλειο σερβίρισμα, το Perrier αναζωογονεί την ημέρα και δροσίζει το βράδυ.Απολαύστε τη μοναδική δροσιά του, βάζοντας παγωμένο Perrier σε ένα ποτήρι χωρίς πάγο με μία φέτα λεμόνι! Δοκιμάστε το και με γεύση λεμόνι ή lime, με 0 θερμίδες.</p>|https://www.ab.gr/medias/sys_master/h73/h0b/8918718971934.jpg|1
ΜΠYΡΑ ΚΟΥΤΙ 4 X 500 ML|Η Heineken είναι εδώ για να μας θυμίσει ότι η απόλαυση της, δεν σταματάει στην πλούσια και απαράμιλλη γεύση της.|https://www.ab.gr/medias/sys_master/hd6/he6/8830241669150.jpg|1
ΜΠYΡΑ ΚΟΥΤΙ 4 X 500 ML|Ελληνική μπύρα Zythia.|https://www.ab.gr/medias/sys_master/hdf/h76/8832294813726.jpg|1
ΞΗΡΟΙ ΚΑΡΠΟΙ ΑΜΥΓΔΑΛΟ ΨΗΜΕΝΟ 240 GR|Αμύγδαλα ψημένα και αλατισμένα.|https://www.ab.gr/medias/sys_master/hb8/h50/8890370523166.jpg|1
ΞΗΡΟΙ ΚΑΡΠΟΙ ΗΛΙΟΣΠΟΡΟΣ ΨΙΧΑ 240 GR|Ηλιόσπορος ψίχα ωμός.|https://www.ab.gr/medias/sys_master/hab/h52/8890367967262.jpg|1
ΟΙΝΟΣ ΕΡΥΘΡΟΣ CABERNET SAUVIGNION SYRAH 750 ML|Κρασί με βαθυκόκκινο πορφυρό χρώμα και άρωμα χαρακτηριστικό των ποικιλιών του Cabernet Sauvignon και του Syrah. Πλούσια και γεμάτη γεύση, απολαυστικό στην επίγευση, αφήνει σαφές αποτύπωμα παλαίωσης και άρωμα βανίλιας.|https://www.ab.gr/medias/sys_master/h3a/h8c/8856386863134.jpg|1
ΟΙΝΟΣ ΛΕΥΚΟΣ  750 ML|Ζυμωμένο σε ανοξείδωτες δεξαμενές. Σύντομη προζυμωτική εκχύλιση, σύντομη ωρίμανση πάνω στις φίνες οινολάσπες. Φρέσκα άνθη, νότες φλούδας λεμονιού, τραγανή οξύτητα, αρωματική ένταση.|https://www.ab.gr/medias/sys_master/hbd/hc2/8856311791646.jpg|1
ICE TEA ΛΕΜΟΝΙ ΦΙΑΛΗ 500 ML|Ice tea με λεμόνι. Με γλυκαντικό από το φυτό στέβια.|https://www.ab.gr/medias/sys_master/hec/h2a/8833372160030.jpg|1
ΜΠYΡΑ ΚΟΥΤΙ 4 X 500 ML|Η FIX Hellas, η πρώτη και ιστορικότερη ελληνική μπύρα, αποτελεί μία premium lager επιλογή, ιδανική για κάθε στιγμή της ημέρας. Η απαλή της γεύση, με ισορροπημένη πικράδα, αναδεικνύει τα ευχάριστα αρώματα που δημιουργήθηκαν κατά τη ζύμωση της μαγιάς, αφήνοντας μια στρογγυλεμένη επίγευση μακράς διάρκειας. Η περιεκτικότητα της σε αλκοόλ είναι 5% και στο ανθώδες μπουκέτο των αρωμάτων της κυριαρχεί το άρωμα της βύνης. Με εξασφαλισμένη την υψηλή ποιότητα και την αξιοπιστία σε όλα τα στάδια παραγωγής της και φέροντας ατόφια την ελληνική σφραγίδα, η FIX Hellas προσφέρει μοναδική απόλαυση από την πρώτη κιόλας γουλιά.|https://www.ab.gr/medias/sys_master/hfb/h38/8828783263774.jpg|1
ΞΗΡΟΙ ΚΑΡΠΟΙ RICE CRACKER 100 GR|Σνακ από ρύζι.|https://www.ab.gr/medias/sys_master/he4/hab/8890375634974.jpg|1
ΞΗΡΟΙ ΚΑΡΠΟΙ ΑΡΑΠΙΚΟ ΦΥΣΤΙΚΙ 450 GR|Φυστίκια αράπικα ψημένα και αλατισμένα.|https://www.ab.gr/medias/sys_master/h10/haa/8890527055902.jpg|1
ΞΗΡΟΙ ΚΑΡΠΟΙ ΠΑΣΑΤΕΜΠΟΣ ΨΗΜΕΝΟΣ ΑΝΑΛΑΤΟΣ 150 GR|Πασατέμπος ψημένος και ανάλατος.|https://www.ab.gr/medias/sys_master/hbd/h6e/8890519584798.jpg|1
ΟΙΝΟΣ ΕΡΥΘΡΟΣ ΚΡΗΤΙΚΟΣ 750 ML|Κρητικό ερυθρό φίνο κρασί. Παράγεται από τις ποικίλιες Κοτσιφάλι και Μαντηλάρι. Η βελούδινη και πλούσια γεύση του, το σύνθετο άρωμα τους- αγριοκέρασου και βανίλιας- και το λαμπερό πορφυρό χρώμα του, συνθέτουν το χαρακτήρα του.|https://www.ab.gr/medias/sys_master/h84/ha8/8856079925278.jpg|1
ΧΥΜΟΣ ΝΕΚΤΑΡ ΠOPTOKAΛI 1 LT|Χωρίς συντηρητικά. Διάρκεια ζωής προϊόντος: 9 Μήνες.|https://www.ab.gr/medias/sys_master/h70/h38/8849687609374.jpg|1
ΑΝΑΨΥΚΤΙΚΟ ΠΟΡΤΟΚΑΛΑΔΑ ΜΕ ΑΝΘΡΑΚΙΚΟ ΦΙΑΛΗ 1,5 LT|Πορτοκαλάδα από ελληνικά πορτοκάλια. Με ανθρακικό. Με 25% περιεκτικότητα σε χυμό.|https://www.ab.gr/medias/sys_master/hd9/hf2/8835701964830.jpg|1
ΑΝΑΨΥΚΤΙΚΟ ΠΟΡΤΟΚΑΛΙ ΦΙΑΛΗ 1,5 LT|Η Fanta με τον παιχνιδιάρικο χαρακτήρα της είναι η μεγαλύτερη σε πωλήσεις αεριούχος πορτοκαλάδα στην Ελλάδα. Με 20% χυμό πορτοκαλιού και τα φυσικά αρώματα του πορτοκαλιού, χωρίς χρωστικές και με αμέτρητες δροσερές φυσαλίδες σε κάθε συσκευασία! Ένα ποτήρι 250ml Fanta Πορτοκαλάδα παρέχει 130 θερμίδες, ενώ ένα κουτάκι Fanta Πορτοκαλάδα 330ml περιέχει 172 θερμίδες.|https://www.ab.gr/medias/sys_master/ha3/h7f/8839854686238.jpg|1
ΑΝΘΡΑΚΟΥΧΟ ΦΥΣΙΚΟ ΜΕΤΑΛΛΙΚΟ ΝΕΡΟ ΛΕΜΟΝΙ 4 X 330 ML|Με εξαιρετικά κομψό σχεδιασμό, με φυσαλίδες που εκρήγνυνται στο στόμα και με άκρως φυσική προέλευση, το PERRIER αποτελεί μια μοναδική εμπειρία αναζωογόνησης και δροσιάς! Το PERRIER δεν είναι απλώς άλλο ένα ανθρακούχο νερό, είναι το Φυσικό Αναψυκτικό που ζωηρεύει τη διάθεσή σου και σε ηλεκτρίζει! Διατίθεται και σε γεύση λεμόνι ή Lime (ή Γλυκολέμονο) με 0 θερμίδες, 0 ζάχαρη και πολύ «ηλεκτρισμένη» γεύση!|https://www.ab.gr/medias/sys_master/hce/h2a/8918708879390.jpg|1
ΑΝΘΡΑΚΟΥΧΟ ΦΥΣΙΚΟ ΜΕΤΑΛΛΙΚΟ ΝΕΡΟ ΛΕΜΟΝΙ 6 Χ 500 ML|<p><br />Το Perrier, το No1 σε πωλήσεις Ανθρακούχο Φυσικό Μεταλλικό νερό στον κόσμο, έχει καθιερωθεί ως το απόλυτο ασυνήθιστα φυσικό αναψυκτικό. Το Perrier αγαπάει το στιλ, την τέχνη, τη δυναμικότητα αλλά και την εκκεντρικότητα.  Με τις 50 εκατομμύρια φυσαλίδες ανά λίτρο, που έρχονται απευθείας από την πηγή του, και τον εξαιρετικά κομψό σχεδιασμό του, το Perrier είναι η απόλυτη επιλογή για καταναλωτές που ψάχνουν έντονες συγκινήσεις, όλη την ημέρα.Είτε κατευθείαν από το μπουκάλι, είτε αναμειγνύοντας το πετυχαίνοντας το τέλειο σερβίρισμα, το Perrier αναζωογονεί την ημέρα και δροσίζει το βράδυ.Απολαύστε τη μοναδική δροσιά του, βάζοντας παγωμένο Perrier σε ένα ποτήρι χωρίς πάγο με μία φέτα λεμόνι! Δοκιμάστε το και με γεύση λεμόνι ή lime, με 0 θερμίδες.</p>|https://www.ab.gr/medias/sys_master/h85/hf8/8918715301918.jpg|1
ΒΟΤΚΑ  700 ML|Απαλή και έντονη γεύση με νότες σιταριού που αφήνει ένα γλυκό κάψιμο στο λαιμό.|https://www.ab.gr/medias/sys_master/hf8/hfa/8830410555422.jpg|1
ΞΗΡΟΙ ΚΑΡΠΟΙ ΗΛΙΟΣΠΟΡΟΣ 240 GR|Ηλιόσπορος ψημένος και αλατισμένος.|https://www.ab.gr/medias/sys_master/h6b/h58/8890548158494.jpg|1
ΦΡΟΥΤΟΠΟΤΟ ΡΟΔΑΚΙΝΟ ΜΑΚΕΔΟΝΙΑΣ 1 LT|Τα ροδάκινα που έφτιαξαν το φρουτοποτό που βλέπεις, μεγάλωσαν στα φημισμένα χωράφια της Μακεδονίας. Πριν γίνουν φρουτοποτό, έχουν κάτσει με τις ώρες κάτω από τον ελληνικό ήλιο και ξέρεις… τη γεύση και τη νοστιμιά που δίνει ο ελληνικός ήλιος δεν την δίνει κανείς άλλος! Η Ήβη τα έφερε με αγάπη και φροντίδα στο ποτήρι σου.|https://www.ab.gr/medias/sys_master/heb/h85/8833509589022.jpg|1
ΦΥΣΙΚΟ ΜΕΤΑΛΛΙΚΟ ΝΕΡΟ  6 X 500 ML|Για τη δική σας σωστή ενυδάτωση μέρα και νύχτα, όπου κι αν είστε και ό,τι και να κάνετε υπάρχει το κατάλληλο μπουκάλι νερού της Evian. Στη δουλειά ή το σπίτι διαλέξτε τις μεγαλύτερες συσκευασίες (1 lt, 1.5lt, 2lt). Για να αθληθείτε ή να ταξιδέψετε, τα μικρότερα μπουκάλα (330ml, 500 ml) είναι τα καλύτερα για να τα βάλετε στην τσαντας ή τη βαλίτσα σας.|https://www.ab.gr/medias/sys_master/hea/hfc/8830426873886.jpg|1
ΦΥΣΙΚΟΣ ΧΥΜΟΣ ΜΗΛΟ 1 LT||https://www.ab.gr/medias/sys_master/h08/hd5/8832269254686.jpg|1
ΑΝΘΡΑΚΟΥΧΟ ΕΠΙΤΡΑΠΕΖΙΟ ΝΕΡΟ ΕΠΙΤΡΑΠΕΖΙΟ ΝΕΡΟ 500 ML||https://www.ab.gr/medias/sys_master/h4a/he5/8923121647646.jpg|1
ΜΠΥΡΑ ΕΖΑ PILSNER ΚΟΥΤΙ 330 ML|Βύνη, λυκίσκος, μαγιά και νερό, ζυγισμένα στην κατάλληλη αναλογία. Ζυθογλεύκος ζυμωμένος στο σωστό χρόνο, μπίρα καστανόξανθη με σώμα, άρωμα και πικράδα που μας παραπέμπει στο παρελθόν, όταν η ζυθοποιία ήταν τέχνη. Εύγευστη, ευκολόπιοτη, μεστή, σε κάνει να θες να ξαναδοκιμάσεις!|https://www.ab.gr/medias/sys_master/h68/h2d/8838190956574.jpg|1
ΞΗΡΟΙ ΚΑΡΠΟΙ ΑΜΥΓΔΑΛΟ ΦΥΡΑΝΙΑΣ 240 GR|Στους εύφορους κάμπους του Συκουρίου Λάρισας καλλιεργείται η ονομαστή ποικιλία αμυγδάλων Φυρανιά. Οι κατάλληλες κλιματολογικές συνθήκες και η σύσταση του εδάφους δίνουν στο αμύγδαλο αυτή την ξεχωριστή γεύση. Αποτελούν μέρος της μεσογειακής διατροφής.  Η ΆλφαΒήτα κοντά στην ελληνική γη.|https://www.ab.gr/medias/sys_master/h7b/hcc/8838499696670.jpg|1
ΟΥΖΟ ΙΣΙΔΩΡΟΥ ΑΡΒΑΝΙΤΟΥ 700 ML|Από απόσταξη 100% το Ούζο Πλωμαρίου Ισιδώρου Αρβανίτου με την αυθεντική του συνταγή φέρνει στο ποτήρι σας πάνω από εκατό χρόνια παράδοσης και ποιότητας.|https://www.ab.gr/medias/sys_master/hdb/h53/8836412702750.jpg|1
ΣΟΔΑ ΦΙΑΛΗ 6 X 500 ML|ΑΒ σόδα.|https://www.ab.gr/medias/sys_master/h01/h80/8832301498398.jpg|1
ΤΟΝΙΚ INDIAN ΚΟΥΤΙ 330 ML|Το Tonic Water έχει μεγάλη ιστορία καθώς συνόδευε το gin των Βρετανών της Ινδίας την εποχή της αποικιοκρατίας. Το ίδιο ιστορική γεύση έχει και το Schweppes Indian Tonic! Δημιουργήθηκε το 1870 και από τότε η απαράμιλλη γεύση του, με την ελαφριά πικρή επίγευση το έχουν καθιερώσει ως δροσερό must τόσο μόνο του, όσο και σε κοκτέιλ.|https://www.ab.gr/medias/sys_master/hb4/hb7/8833344831518.jpg|1
ΦΥΣΙΚΟΣ ΧΥΜΟΣ ΜΗΛΟ ΠΟΡΤΟΚΑΛΙ ΑΧΛΑΔΙ ΒΕΡΙΚΟΚΟ 250 ML|Χυμός αχλάδι, μήλο, πορτοκάλι, βερίκοκο με βιταμίνες, από συμπυκνωμένο φυσικό χυμό.|https://www.ab.gr/medias/sys_master/h31/h29/8832341606430.jpg|1
ΑΝΑΨΥΚΤΙΚΟ ΒΥΣΣΙΝΑΔΑ ΦΙΑΛΗ 330 ML|Η γλυκιά, δροσερή και αγαπημένη γεύση από τα παιδικά μας χρόνια, με φυσικό χυμό βύσσινου. Η αυθεντική παραδοσιακή συνταγή, το βαθύ βυσσινί χρώμα, η εξαιρετικά φρουτώδης γεύση, το μεθυστικό άρωμα και η ιδανική ισορροπία ανθρακικού συνθέτουν την τέλεια γευστική απόλαυση.|https://www.ab.gr/medias/sys_master/hb2/hfb/8830416650270.jpg|1
ΞΗΡΟΙ ΚΑΡΠΟΙ PEANUTS ΠΑΠΡΙΚΑ 200 GR|Σνάκ φυστικιών με κρούστα πάπρικας.|https://www.ab.gr/medias/sys_master/h6b/h0c/8890523123742.jpg|1
ΟΙΝΟΣ ΛΕΥΚΟΣ ΚΡΗΤΙΚΟΣ 750 ML|Λαμπερό λευκοκίτρινο χρώμα και έντονο άρωμα λευκών λουλουδιών και φρούτων (ροδάκινο, βερίκοκο, ανανά, μάνγκο). Πολύ καλή ισορροπία, μαλακή γεύση, ευχάριστη οξύτητα και μεγάλης διάρκειας επίγευση.|https://www.ab.gr/medias/sys_master/hcc/h7d/8856279351326.jpg|1
ΦΥΣΙΚΟΣ ΧΥΜΟΣ MULTIVITAMIN 250 ML|Χυμός με 8 φρούτα και 7 βιταμίνες. Από 100% συμπυκνωμένους χυμούς. Χωρίς συντηρητικά και πρόσθετα σάκχαρα. Περιέχει μόνο φυσικά σάκχαρα.|https://www.ab.gr/medias/sys_master/h2c/h2d/8838383108126.jpg|1
ΑΝΑΨΥΚΤΙΚΟ COLA 1,5 LT|Αναψυκτικό cola με άρωμα λεμονιού.|https://www.ab.gr/medias/sys_master/h54/h6f/8832291274782.jpg|1
ΞΗΡΟΙ ΚΑΡΠΟΙ ΠΑΣΑΤΕΜΠΟΣ 150 GR|Πασατέμπος ψημένος και αλατισμένος.|https://www.ab.gr/medias/sys_master/ha3/hc0/8890547372062.jpg|1
ΟΙΝΟΣ ΕΡΥΘΡΟΣ ΑΓΙΟΡΓΗΤΙΚΟ 750 ML|Κρασί με λαμπερό ρουμπινί βαθυκόκκινο χρώμα, βιολετιές ανταύγειες, πλούσιο άρωμα και απαλή γεμάτη γεύση.|https://www.ab.gr/medias/sys_master/hbf/h04/8856381554718.jpg|1
ΟΙΝΟΣ ΛΕΥΚΟΣ  750 ML|Απαλό πρασινοκίτρινο χρώμα με προκλητική διαύγεια. Το πάντρεμα της κοσμοπολίτικης αρωματικής εμπειρίας με την πολυδυναμική ελληνική, δίνει ένα κρασί με έντονα φρουτώδη αρώματα που θυμίζουν εξωτικά φρούτα, ροδάκινο και εσπεριδοειδή. Η γεύση του πλούσια, δροσιστική με εξαιρετική ισορροπία, ευχάριστη οξύτητα και μεγάλη αρωματική επίγευση.|https://www.ab.gr/medias/sys_master/h77/h55/8856280530974.jpg|1
ΦΥΣΙΚΟΣ ΧΥΜΟΣ ΑΝΑΝΑ 1 LT|Φυσικός χυμός από 100% συμπυκνωμένο χυμό ανανά. Χωρίς συντηρητικά.|https://www.ab.gr/medias/sys_master/hff/h23/8828607234078.jpg|1
ΦΥΣΙΚΟΣ ΧΥΜΟΣ ΜΠΑΝΑΝΑ ΣΤΑΦΥΛΙ ΜΗΛΟ ΑΧΛΑΔΙ 250 ML|Χυμός αχλάδι, μήλο, σταφύλι, μπανάνα με βιταμίνες, από συμπυκνωμένο φυσικό χυμό.|https://www.ab.gr/medias/sys_master/hdf/h85/8832334921758.jpg|1
ΑΝΑΨΥΚΤΙΚΟ COLA ΦΙΑΛΗ 330 ML|"Αεριούχο αναψυκτικό Cola με φυσικό μεταλλικό νερό από την πηγή ""Ζαγοροχώρια""."|https://www.ab.gr/medias/sys_master/ha4/h88/8840133148702.jpg|1
ΛΙΚΕΡ ΜΑΣΤΙΧΑ 500 ML|Λικέρ Μαστίχα 22%vol.|https://www.ab.gr/medias/sys_master/h4d/h24/8828609789982.jpg|1
ΜΠYΡΑ ΚΟΥΤΙ 330 ML|"Η μπύρα ""Βεργίνα"" ανήκει στην κατηγορία Premium Lager. Tα συστατικά της είναι βύνη ξανθιά και βύνη καραμελέ, λυκίσκος και αρωματικός λυκίσκος Tettnanger, μαγιά και νερό. Αποτελεί προϊόν κλασσικής ζυμώσεως (10C) και χαρακτηρίζεται από τη φρέσκια, πλούσια γεύση της. Η αρμονική συνύπαρξη βύνης και λυκίσκου χαρακτηρίζει το άρωμά της."|https://www.ab.gr/medias/sys_master/hee/ha8/8834258206750.jpg|1
ΜΠΥΡΑ ΜΗΛΟΚΛΕΦΤΗΣ ΜΗΛΙΤΗΣ ΦΙΑΛΗ 330 ML||https://www.ab.gr/medias/sys_master/h03/h7a/8912476635166.jpg|1
ΞΗΡΟΙ ΚΑΡΠΟΙ ΑΡΑΧΙΔΕΣ 500 GR|Στα εύφορα και αμμώδη εδάφη του Μεσσηνιακού κάμπου καλλιεργούνται με ιδιαίτερη φροντίδα οι αραχίδες που παράγουν τα αράπικα φιστίκια. Πεντανόστιμες, διατηρούν ολόφρεσκο και τραγανό το περιεχόμενο μέσα στο κέλυφός τους. Είναι ιδανικό σνακ για μικρούς και μεγάλους. Η ΆλφαΒήτα κοντά στην ελληνική γη.|https://www.ab.gr/medias/sys_master/h28/h0f/8838494978078.jpg|1
ΞΗΡΟΙ ΚΑΡΠΟΙ ΣΤΡΑΓΑΛΙ ΑΦΡΑΤΟ 250 GR|Κίτρινα στραγάλια αφράτα. Ψημένα και ανάλατα.|https://www.ab.gr/medias/sys_master/h41/h7f/8890549731358.jpg|1
ΞΗΡΟΙ ΚΑΡΠΟΙ ΦΥΣΤΙΚΙ ΚΕΛΥΦΩΤΟ 380 GR|Φιστίκια κελυφωτά ψημένα και αλατισμένα.|https://www.ab.gr/medias/sys_master/hf4/hb1/8890543439902.jpg|1
ΦΥΣΙΚΟΣ ΧΥΜΟΣ COCTAIL 6 ΦΡΟΥΤΩΝ 1 LT|100% φυσικός χυμός παρασκευασμένος από χυμούς πορτοκαλιού, μήλου, ροδάκινου, βερίκοκου, ανανά και γκρέιπφρουτ. Φυσικά γλυκιά γεύση, χωρίς καμία προσθήκη ζάχαρης και χωρίς συντηρητικά.|https://www.ab.gr/medias/sys_master/h01/h2e/8838501466142.jpg|1
ΦΥΣΙΚΟΣ ΧΥΜΟΣ ΚΟΚΤΕΙΛ ΚΑΡΟΤΟ 250 ML|100% ΦΥΣΙΚΟΣ ΧΥΜΟΣ Κοκτέιλ καρότο από συμπυκνωμένους χυμούς με βιταμίνες B, C, E, A.|https://www.ab.gr/medias/sys_master/h69/h14/8849699209246.jpg|1
ΧΥΜΟΣ ΛΑΧΑΝΙΚΩΝ 250 ML|Χυμός λαχανικών. Πιείτε το V8 σαν απεριτίφ, καρυκεύοντας με λίγο πιπέρι καγιέν.|https://www.ab.gr/medias/sys_master/ha9/hd6/8841200762910.jpg|1
ΧΥΜΟΣ ΝΕΚΤΑΡ ΠΟΡΤΟΚΑΛΙ ΜΗΛΟ ΒΕΡΥΚΟΚΟ ΜΠΛΕ 250 ML|Φρουτοποτό. Χωρίς Συντηρητικά. Διάρκεια ζωής προϊόντος: 9 μήνες.|https://www.ab.gr/medias/sys_master/h97/h1c/8849688592414.jpg|1
ΑΝΑΨΥΚΤΙΚΟ ΓΚΑΖΟΖΑ ΦΙΑΛΗ 4 X 500 ML|Η Sprite είναι η μεγαλύτερη μάρκα στην κατηγορία αναψυκτικών lemon-lime στην Ελλάδα και προσφέρει μια αναπάντεχα μοναδική ξεδιψαστική εμπειρία. Η Sprite περιέχει φυσικά αρώματα λεμονιού – μοσχολέμονου, ενώ δεν περιέχει χρωστικές! Η Sprite μας προσκαλεί να ανακαλύψουμε το αγαπημένο μας αναψυκτικό με γλυκαντικό από το φυτό στέβια.|https://www.ab.gr/medias/sys_master/h47/h89/8832232095774.jpg|1
ΑΝΑΨΥΚΤΙΚΟ ΠΟΡΤΟΚΑΛΑΔΑ ΜΕ ΑΝΘΡΑΚΙΚΟ ΦΙΑΛΗ 330 ML|Πορτοκαλάδα με ανθρακικό σε φιάλη. Με φυσικό μεταλλικό νερό από την πηγή Ζαγοροχώρια.|https://www.ab.gr/medias/sys_master/h7f/h71/8835833102366.jpg|1
ΑΝΑΨΥΚΤΙΚΟ ΦΙΑΛΗ 330 ML|H λουξ Cola είναι η πρώτη με βάση cola που βγήκε στην Ελλάδα, με διαρκής αύξηση μεριδίου που οφείλεται στην συνειδητή στροφή του καταναλωτή σε ποιοτικές αγορές ελληνικών προϊόντων.|https://www.ab.gr/medias/sys_master/hcf/h8e/8832308379678.jpg|1
ΜΠYΡΑ ΚΟΥΤΙ 440 ML|Παράγεται στην Ιρλανδία από το 1759 και είναι γνωστή για το αυθεντικό σκούρο χρώμα της, την πλούσια γεύση καβουρδισμένης βύνης με άρωμα καραμέλας και τον χαρακτηριστικό κρεμώδη αφρό της, που η πρωτοποριακή συσκευασία του κουτιού Guinness Draught μπορεί και προσφέρει, ώστε να απολαμβάνετε την αυθεντική γεύση της βαρελίσιας Guinness στο σπίτι σας.|https://www.ab.gr/medias/sys_master/h1e/he7/8830244028446.jpg|1
ΜΠYΡΑ ΦΙΑΛΗ 355 ML|Μπύρα τύπου lager, με δροσιστική, ελαφριά γεύση και απαλό, φρουτώδες άρωμα με νότες λυκίσκου. Σήμα κατατεθέν της η premium διαφανής φιάλη της με το μοναδικό, διαυγές της χρώμα που επιβεβαιώνει την αίσθηση χαλάρωσης και ανεμελιάς που νιώθουμε όταν την πίνουμε! Την απολαμβάνουμε πάντα παγωμένη απευθείας από το μπουκάλι με μία φέτα lime.|https://www.ab.gr/medias/sys_master/hee/hdf/8838524862494.jpg|1
ΜΠYΡΑ ΦΙΑΛΗ 500 ML|Μπίρα από την καρδιά της Βαυαρίας. Παράγεται με τον αυστηρά γερμανικό τρόπο περί αγνότητας των υλικών του 1516 και αποτελεί σήμερα συνώνυμο της Weiss μπίρας. Έχει φρουτώδη, ξηρή, καθαρή γεύση, πικάντικη επίγευση και άρωμα φρούτων και μαγιάς.|https://www.ab.gr/medias/sys_master/hdd/h1b/8828539011102.jpg|1
ΜΠΥΡΑ ΚΟΥΤΙ 4 Χ 500 ML||https://www.ab.gr/medias/sys_master/h2f/ha5/8941513408542.jpg|1
ΞΗΡΟΙ ΚΑΡΠΟΙ ΑΜΥΓΔΑΛΑ ΩΜΑ ΦΥΡΑΝΙΑΣ 240 GR|Στους εύφορους κάμπους του Συκουρίου Λάρισας καλλιεργείται η ονομαστή ποικιλία αμυγδάλων Φυρανιά. Οι κατάλληλες κλιματολογικές συνθήκες και η σύσταση του εδάφους δίνουν στο αμύγδαλο αυτή την ξεχωριστή γεύση. Αποτελούν μέρος της μεσογειακής διατροφής.  Η ΆλφαΒήτα κοντά στην ελληνική γη.|https://www.ab.gr/medias/sys_master/h13/h3c/8832125534238.jpg|1
ΞΗΡΟΙ ΚΑΡΠΟΙ ΦΥΣΤΙΚΙ ΚΕΛΥΦΩΤΟ ΩΜΟ 240 GR|Φιστίκια κελυφωτά ωμά.|https://www.ab.gr/medias/sys_master/hab/ha0/8890518208542.jpg|1
ΟΙΝΟΣ ΕΡΥΘΡΟΣ  1 LT|Κόκκινο ξηρό επιτραπέζιο κρασί με πλούσιο σώμα, γεμάτη γεύση και λεπτό άρωμα. Παράγεται από επιλεγμένες ποικιλίες κόκκινων σταφυλιών. Συνδυάζεται ιδανικά με ορεκτικά, μαλακά τυριά και κρεατικά.|https://www.ab.gr/medias/sys_master/hb5/hcd/8832384270366.jpg|1
ΟΙΝΟΣ ΕΡΥΘΡΟΣ  750 ML|Κρασί με σύνθετο διαυγές ερυθρό χρώμα με πλούσιες και ελκυστικές ανταύγειες. Ιδιαίτερο μπουκέτο όπου τα αρωματικά χαρακτηριστικά δένονται ισόρροπα με το ιδιαίτερο άρωμα της δρυός. Απαλή γεμάτη αίσθηση στο στόμα με πλούσια αρωματικά χαρακτηριστικά.|https://www.ab.gr/medias/sys_master/h20/h1c/8856735154206.jpg|1
ΟΙΝΟΣ ΛΕΥΚΟΣ  5 LT|Οι καινοτόμες συσκευασίες σε κουτί προστατεύουν αποτελεσματικά το κρασί από εξωτερικούς παράγοντες που αλλοιώνουν το χαρακτήρα του, όπως είναι το φως και το οξυγόνο, διατηρώντας τα συστατικά του (χρώμα, άρωμα, γεύση) αναλλοίωτα και εξασφαλίζοντας: Άριστη ποιότητα, πρακτικότητα στη χρήση (ελαφρύ, άθραυστο, εύκολο στη μεταφορά και στην αποθήκευση), προστασία του περιβάλλοντος (ανακυκλώσιμη συσκευασία).|https://www.ab.gr/medias/sys_master/hc6/h50/8856312971294.jpg|1
ΟΙΝΟΣ ΛΕΥΚΟΣ ΠΟΙΚΙΛΙΑΚΟΣ 750 ML|Χρώμα ελαφρύ χρυσόχρουν, αρώματα φρούτων και λουλουδιών με γεύση αρμονική ισορροπημένη και ικανοποιητική επίγευση.|https://www.ab.gr/medias/sys_master/hff/h53/8856402001950.jpg|1
ΦΥΣΙΚΟΣ ΧΥΜΟΣ ΜΗΛΟ 1 LT|100% φυσικός χυμός. Χωρίς συντηρητικά. Χωρίς προσθήκη ζάχαρης. Περιέχει φυσικά σάκχαρα των φρούτων. Διάρκεια ζωής προϊόντος: 6 Μήνες.|https://www.ab.gr/medias/sys_master/h8d/hde/8849697243166.jpg|1
ΧΥΜΟΣ ΝΕΚΤΑΡ CRANBERRY ΦΙΑΛΗ 1 LT|Φρουτοποτό από συμπυκνωμένο χυμό λαχανικών και φρούτων (καρότο, cranberry). Πηγή βιταμίνης C. Χωρίς συντηρητικά και τεχνητές χρωστικές ουσίες.|https://www.ab.gr/medias/sys_master/hf6/hbf/8825620594718.jpg|1
ΧΥΜΟΣ ΝΕΚΤΑΡ ΛΕΜΟΝΙ 1 LT|Φροτοποτό λεμόνι. Από  συμπυκνωμένο χυμό λεμονιού. Χωρίς συντηρητικά.|https://www.ab.gr/medias/sys_master/h76/h3b/8809476718622.jpg|1
ΑΝΑΨΥΚΤΙΚΟ ΛΕΜΟΝΑΔΑ ΦΙΑΛΗ 1,5 LT|Λεμονάδα από ελληνικά λεμόνια. Με ανθρακικό. Με πλούσια γεύση.|https://www.ab.gr/medias/sys_master/hc8/h6e/8835677585438.jpg|1
ΒΟΤΚΑ  700 ML|Η Absolut Vodka παρασκευάζεται αποκλειστικά από φυσικά συστατικά και σε αντίθεση με άλλες βότκες, δεν περιέχει καθόλου πρόσθετη ζάχαρη. Στην πραγματικότητα, η Absolut είναι τόσο αγνή, όσο θα μπορούσε να είναι μια βότκα: πλούσια γεύση, γεμάτη και σύνθετη, ωστόσο απαλή και μεστή, με έναν ευδιάκριτο χαρακτήρα σιταριού, ακολουθούμενο από μια υποψία αποξηραμένων φρούτων.|https://www.ab.gr/medias/sys_master/h9e/h0b/8910481948702.jpg|1
ΜΠYΡΑ ΚΟΥΤΙ ΧΩΡΙΣ ΑΛΚΟΟΛ 330 ML|Ένας μοναδικός συνδυασμός από φυσικές βύνες κριθαριούκαι σιταριού. Οι έμπειροι ζυθοποιοί της Amstel δημιούργησαν μιας εξαιρετικής ποιότητας δροσιστική μπίρα, με γεμάτη γεύση, χωρίς αλκοόλ, για απόλαυση χωρίς όρια.|https://www.ab.gr/medias/sys_master/h93/h4f/8833132822558.jpg|1
ΜΠΡΑΝΤΥ *** 350 ML|Τα πιο εκλεπτυσμένα παλαιωμένα αποστάγματα αναμειγνύονται με αρωματικά Μοσχάτα κρασιά από τα νησιά του Αιγαίου και δημιουργούν το METAXA, το κεχριμπαρένιο ποτό με την πιο απαλή γεύση. Τα δώρα της φύσης και το έργο του χρόνου τελειοποιούνται χάρη στο ανθρώπινο ταλέντο : αυτή είναι η φιλοσοφία που κρύβεται πίσω από τις δημιουργίες του Οίκου Μεταξά.|https://www.ab.gr/medias/sys_master/h52/hf8/8830388338718.jpg|1
ΟΙΝΟΣ ΛΕΥΚΟΣ  750 ML|Επιτραπέζιος Οίνος, από επιλεγμένα σταφύλια ελληνικών και διεθνών ποικιλιών, που τρυγούνται πρώιμα και δίνουν ένα κρασί έκπληξη! Με μόλις δέκα αλκοολικούς βαθμούς, το Caramelo απευθύνεται σε νέους και όλους όσοι αισθάνονται νέοι! Χρώμα λευκοκίτρινο με πρασινωπές ανταύγειες.|https://www.ab.gr/medias/sys_master/h57/hc7/8856285249566.jpg|1
ΟΥΙΣΚΙ ΣΚΩΤΙΑΣ 700 ML|Απαλό και ελαφρύ άρωμα με νότες φρέσκου χόρτου και λεμόνι. Πολύ ήπια και ομαλή γεύση με μια αμυδρή υποψία μπαχαρικών ή πιπεριού από τη βύνη, καθώς καταλαμβάνει το στόμα σας. Με χαρακτηριστική επίγευση μπαχαρικών που ξεθωριάζουν σε μια αίσθηση καπνίσματος.|https://www.ab.gr/medias/sys_master/h68/h59/8838366003230.jpg|1
ΑΝΑΨΥΚΤΙΚΟ ΦΙΑΛΗ 250 ML|Γιατί η ζωή έχει τη γεύση που της δίνεις! Ξεχωριστή απόλαυση και ανάλαφρη γεύση με λιγότερο από 1 θερμίδα.  H Coca-Cola light είναι ένα αναψυκτικό χωρίς ζάχαρη, που παρέχει λιγότερο από1 θερμίδα σε κάθε ποτήρι 250ml ή σε κάθε κουτάκι 330ml. Η ζάχαρη έχει αντικατασταθεί από γλυκαντικές ουσίες, όπως η ασπαρτάμη, η ακεσουλφάμη-Κ και το κυκλαμικό οξύ, οι οποίες είναι απολύτως ασφαλείς και αποδίδουν πρακτικά μηδενικές θερμίδες.|https://www.ab.gr/medias/sys_master/h67/h4d/8890384285726.jpg|1
ΑΝΘΡΑΚΟΥΧΟ ΕΠΙΤΡΑΠΕΖΙΟ ΝΕΡΟ ΦIAΛH 1.5 ML||https://www.ab.gr/medias/sys_master/h46/h75/8923116077086.jpg|1
ΕΝΕΡΓΕΙΑΚΟ ΠΟΤΟ RED 4PACK 250 ML|Αναζωογονεί Σώμα και Πνεύμα. Το Red Bull Energy Drink είναι ένα λειτουργικό ποτό που δίνει φτερά όποτε τα χρειάζεσαι.|https://www.ab.gr/medias/sys_master/h89/h39/8832138706974.jpg|1
ΜΠΙΡΑ LIGHT ΦΙΑΛΗ 4X330ML||https://www.ab.gr/medias/sys_master/h08/hd5/8934056427550.jpg|1
ΜΠΙΡΑ ΑΛΦΑ WEISS Κ/Τ 500ML||https://www.ab.gr/medias/sys_master/h71/ha2/8908958793758.jpg|1
ΞΗΡΟΙ ΚΑΡΠΟΙ ΗΛΙΟΣΠΟΡΟΣ ΨΗΜΜΕΝΟΣ ΑΝΑΛΑΤΟΣ 250 GR|Ηλιόσπορος ψημένος και ανάλατος.|https://www.ab.gr/medias/sys_master/h4e/h5f/8890513489950.jpg|1
ΟΙΝΟΣ ΛΕΥΚΟΣ ΑΘΗΡΙ 750 ML|Κρασί λαμπερό και διαυγές, με ελαφρό ωχροκίτρινο χρώμα και διακριτική, λεπτή γεύση, με τόνους ανοιξιάτικων αγριολούλουδων.|https://www.ab.gr/medias/sys_master/h59/h4f/8856281710622.jpg|1
ΟΥΙΣΚΙ ΙΡΛΑΝΔΙΑΣ 700 ML|Είναι τριπλής απόσταξης, δημιουργώντας ένα απαλότερο απόσταγμα, τέλειο για κάθε περίσταση.  Διαθέτει ένα άρωμα λουλουδιών, διανθισμένο με πικάντικο ξύλο και γλυκές νότες. Σε γεύση επικρατεί απόλυτη ισορροπία ανάμεσα στις πικάντικες νότες καρυδιού και βανίλιας, με ίχνη γλυκού sherry και εξαιρετική απαλότητα.|https://www.ab.gr/medias/sys_master/he8/hef/8830317756446.jpg|1
ΣΟΔΑ ΚΟΥΤΙ 330 ML|Tuborg σόδα σε κουτάκι 330ml.|https://www.ab.gr/medias/sys_master/hda/h82/8911972040734.jpg|1
ΤΖΙΝ  700 ML|Ξεκινά με τον άνθρωπο Charles Tanqueray. Το τολμηρό πνεύμα που αντάλλαξε την εκκλησία με το αποστακτήριο και μέσα από αυτή τη διαδικασία, δημιούργησε ένα από τα πιο καταξιωμένα gin του κόσμου.|https://www.ab.gr/medias/sys_master/h56/hcb/8835568271390.jpg|1
ΦΥΣΙΚΟ ΜΕΤΑΛΛΙΚΟ ΝΕΡΟ  750 ML|Η δημοφιλής φιάλη PET Ζαγόρι σε συσκευασία 0,75 L σχεδιασμένη να εφαρμόζει εύκολα στο χέρι, με κόκκινο πρακτικό καπάκι για ελεγχόμενη κατανάλωση κάθε στιγμή της ημέρας. Η δροσιά και η αυθεντική ποιότητα του φυσικού μεταλλικού νερού Ζαγόρι μαζί και στις αθλητικές δραστηριότητες!|https://www.ab.gr/medias/sys_master/h6f/h4e/8924478406686.jpg|1
ΧΥΜΟΣ ΝΕΚΤΑΡ ΦΡΑΟΥΛΑ 1 LT|Φρουτοποτό. Χωρίς Συντηρητικά. Διάρκεια ζωής προϊόντος: 9 μήνες.|https://www.ab.gr/medias/sys_master/h17/hdf/8849706287134.jpg|1
ICE TEA ΛΕΜΟΝΙ ΚΟΥΤΙ 330 ML|Το Lipton Ice Tea είναι το μόνο που παρασκευάζεται από αληθινά φύλλα τσαγιού διατηρώντας έτσι τη γνήσια γεύση άλλα και όλα τα ευεργετικά φυσικά αντιοξειδωτικά στοιχεία που περιέχονται στα φύλλα του. Με εμπειρία πάνω από 100 χρόνια, η υπογραφή Lipton εγγυάται ότι κάθε γουλιά είναι μια στιγμή απόλαυσης, γιατί όταν πίνεις καλύτερα, ζεις καλύτερα!|https://www.ab.gr/medias/sys_master/h79/h67/8832350453790.jpg|1
ΑΝΑΨΥΚΤΙΚΟ COLA 1,5 LT|Tο πιο διάσημο προϊόν και αναγνωρίσιμο εμπορικό σήμα στον κόσμο παραμένει η πιο δροσερή και αγαπημένη απόλαυση, για περισσότερα από 120 χρόνια, με δισεκατομμύρια φανατικούς φίλους όλων των ηλικιών, σε περισσότερες από 200 χώρες. Μια μοναδική γεύση χωρίς προσθήκη συντηρητικών, χωρίς τεχνητά αρώματα από το 1886.|https://www.ab.gr/medias/sys_master/hbc/h76/8890520371230.jpg|1
ΑΝΑΨΥΚΤΙΚΟ ΛΕΜΟΝΙ ΚΟΥΤΙ 6 Χ 350 ML|Με 7%  συμπυκνωμένο χυμό λεμονιού, χωρίς χρωστικές, τα φυσικά αρώματα του λεμονιού και αμέτρητες δροσερές φυσαλίδες σε κάθε συσκευασία! Ένα ποτήρι 250ml Fanta Λεμονίτα παρέχει 128 θερμίδες.|https://www.ab.gr/medias/sys_master/h95/hb1/8846173306910.jpg|1
ΜΠΥΡΑ PALE ALE ΦΙΑΛΗ 330 ML|Δύναμη, αρώματα, επίγευση. Με γενναίες προσθήκες αμερικανικού λυκίσκου και τρία είδη βύνης. Μια δυνατή I.P.A. από τη μικροζυθοποιία Σερρών και Βορείου Ελλάδος. Με έντονα αρώματα εσπεριδοειδών και κωνοφόρων, κεχριμπαρένιο χρώμα και μεγάλης διάρκειας επίγευση. Απαστερίωτη, για να διατηρεί αναλλοίωτη όλη τη γεύση και τα αρώματά της.|https://www.ab.gr/medias/sys_master/ha7/hc4/8835666771998.jpg|1
